Start date;End date;Biomass [MWh] Calculated resolutions;Hydropower [MWh] Calculated resolutions;Wind offshore [MWh] Calculated resolutions;Wind onshore [MWh] Calculated resolutions;Photovoltaics [MWh] Calculated resolutions;Other renewable [MWh] Calculated resolutions;Nuclear [MWh] Calculated resolutions;Lignite [MWh] Calculated resolutions;Hard coal [MWh] Calculated resolutions;Fossil gas [MWh] Calculated resolutions;Hydro pumped storage [MWh] Calculated resolutions;Other conventional [MWh] Calculated resolutions
Jan 1, 2025;Jan 2, 2025;92642.5;33560.75;68182.5;904260.75;56781.25;3054;0;78747.75;56688.5;94714.25;5171.25;43258.75
Jan 2, 2025;Jan 3, 2025;98269.5;34751.75;131287;506115.5;29470.75;3026;0;189536.5;100554;197138.5;34925.25;42397.75
Jan 3, 2025;Jan 4, 2025;96623.5;35305;96849.75;678718.75;30355.5;3118.25;0;196708.25;108910.25;215450.25;11116.75;41535.75
Jan 4, 2025;Jan 5, 2025;99989.75;36686.25;56389.5;259667.75;27526.25;3238;0;283078.5;119107;199086;34604.5;42372
Jan 5, 2025;Jan 6, 2025;97232.5;37078;107471;494995.75;9092.5;3196.25;0;197156.75;44942.25;144152.75;10062;41021.25
Jan 6, 2025;Jan 7, 2025;92141;39849.25;110000.5;935617.5;40295.25;3105.5;0;86080;47030.5;115267.5;17397.75;40178.75
Jan 7, 2025;Jan 8, 2025;99018.75;41676.25;92782.75;869129;47116.25;3126;0;135939.5;75857;160414.5;33120;37488.75
Jan 8, 2025;Jan 9, 2025;102934.5;41683.75;92283.5;571546.5;32787;3165.5;0;232763.5;139722.5;255269.75;24684.75;39383
Jan 9, 2025;Jan 10, 2025;104521.75;46138;49488;380266;30077.5;3115.74;0;271461.75;162552;269352.5;36491;42932.25
Jan 10, 2025;Jan 11, 2025;105109;44025.75;94535;521278.5;40318.25;3241.16;0;243388.75;140550.25;237122.25;28852.25;42821
Jan 11, 2025;Jan 12, 2025;104108;40592.75;57245.75;507007.75;51872.5;3284.71;0;193908.5;132947.75;259845;6619.75;41657
Jan 12, 2025;Jan 13, 2025;105522.25;41416;24254.75;255121.5;64977.75;3293.17;0;235072.75;134282.25;228473.5;23466;43225
Jan 13, 2025;Jan 14, 2025;105622.5;44677.25;105549;179902.5;83647.75;3157.53;0;253384.75;149359;336356.25;39066;48310.75
Jan 14, 2025;Jan 15, 2025;106140;46245.75;140255.75;437204.75;68972.25;3165.58;0;251743;140928.75;362327.75;28614.5;50241
Jan 15, 2025;Jan 16, 2025;108019.5;50019.75;27973;153305;22816.5;3219.5;0;290373;153176.75;420208;43421;44204.25
Jan 16, 2025;Jan 17, 2025;106186.5;47684.5;94357;115134.75;45649;3227.5;0;258973.75;131179.5;399633.25;35127.75;43148.5
Jan 17, 2025;Jan 18, 2025;106707.25;50953;90572.5;62176.75;33999.5;3238.25;0;270614.75;132500.25;386613.75;43448.25;46307.75
Jan 18, 2025;Jan 19, 2025;106589.75;45409.5;20504.5;61516.25;70783.5;3204.25;0;249656.75;133499.25;344004.75;21668.25;43539.75
Jan 19, 2025;Jan 20, 2025;104993.75;42393.75;5009.25;130763;107347.25;3193.5;0;244919;134927;289150.25;14864.5;43274.5
Jan 20, 2025;Jan 21, 2025;108137.25;50612.5;26526;93391.5;76330;3138.25;0;260282;158795.75;389733.75;49746.75;36587.25
Jan 21, 2025;Jan 22, 2025;108407.25;50616;101733.25;66455.25;72233.75;3204;0;284828.5;159155;417402;44298.75;39681.25
Jan 22, 2025;Jan 23, 2025;107651.5;45096.5;34275.25;287857.75;65603;3237.25;0;278849;158453.75;381848.75;33496.5;37119.25
Jan 23, 2025;Jan 24, 2025;102885.5;37857.25;103467.5;642017.25;33519;3234.5;0;224805.25;130010.75;248827.5;18311.75;35098.5
Jan 24, 2025;Jan 25, 2025;101346;36599;124716.25;779479.25;62504.75;2940.75;0;123167.5;94998.5;200716.75;10556.25;33828.25
Jan 25, 2025;Jan 26, 2025;106373.25;34852.25;107712;460465.5;53975.75;2683.5;0;185713;76879.75;149356.75;39803;33470
Jan 26, 2025;Jan 27, 2025;107170.5;34352;56047;354777;54017.75;2782.5;0;228010.75;63638;144628.5;16426;35981
Jan 27, 2025;Jan 28, 2025;105047.5;36010.25;129650;785890.5;45989;2749;0;145832.25;59115.75;148791.5;20936.25;34391
Jan 28, 2025;Jan 29, 2025;106747;43231.75;126830.5;484716.25;44580;2611;0;214336.25;90511.75;193021.5;41112.5;34344.5
Jan 29, 2025;Jan 30, 2025;105545;44391.5;100070.25;648855.75;66163.25;2815;0;205616;90137;183939.75;25950;34723.75
Jan 30, 2025;Jan 31, 2025;106993.25;44727.5;102114.5;268692;69635.75;3199.5;0;243911;137830.5;280528.5;30488;29681.75
Jan 31, 2025;Feb 1, 2025;107288.75;42966.75;61684.25;304805.25;89026.25;3239.25;0;268103;152799.5;270898.25;29265;31412.5
Feb 1, 2025;Feb 2, 2025;106977.5;41715;7928;100842;124061.25;3286.5;0;285516.5;150912.5;222211;21205;32391
Feb 2, 2025;Feb 3, 2025;106675;40175;17128.5;46868;126384.25;3268;0;287189.75;140651.25;212370;14445.5;32685.75
Feb 3, 2025;Feb 4, 2025;108076.5;44375;36594.25;50420.75;108915.25;3044.25;0;290509.5;128561.25;343633.75;42708.75;36145.75
Feb 4, 2025;Feb 5, 2025;107194.75;44468;115574;167005;94754.75;2987.25;0;278828.75;135616.75;334070.75;33719.25;38064
Feb 5, 2025;Feb 6, 2025;104830;43718.75;84551.75;228640.5;71152.25;3183.25;0;268875.25;153876.75;355516.75;28815.25;37889.75
Feb 6, 2025;Feb 7, 2025;104790.5;42352.25;50374.75;164031.5;40593;3106.75;0;274390.25;189545.5;352893;29769.5;38136.5
Feb 7, 2025;Feb 8, 2025;103441.75;36711.25;150507.25;649838.25;72696;3141.75;0;249376.25;154388.5;223026.25;13519.25;44294.25
Feb 8, 2025;Feb 9, 2025;107739.25;37012.5;123992;388101.75;154275.75;2629.75;0;218979.25;138904.25;204408.25;14120.25;36969
Feb 9, 2025;Feb 10, 2025;107528;34802.5;105202;206922;122205.75;2492.5;0;228049.25;161862.5;235740.25;15521.5;36807.25
Feb 10, 2025;Feb 11, 2025;107201.5;35556.75;140019.25;478044.75;85127.25;2529.25;0;229882.25;175766.25;262344.5;26088.75;44587.5
Feb 11, 2025;Feb 12, 2025;105968.75;41362.75;103630.5;525244.75;71124.25;2594;0;208621;187399;308420.75;27299.75;42874.25
Feb 12, 2025;Feb 13, 2025;106861;42163.5;141826;267747.25;62317;2845.5;0;242985.5;198878.5;345317.5;28399.75;43079.75
Feb 13, 2025;Feb 14, 2025;108086.5;49709.5;76237.25;131958.5;28449.25;3048.25;0;260470.75;189872;385702;42030;45716.5
Feb 14, 2025;Feb 15, 2025;109307;49533.25;20529.75;81256.25;27663.25;3195.5;0;253091.5;186898.5;407295.5;40515.5;45308.25
Feb 15, 2025;Feb 16, 2025;108956.75;43789.5;18584.75;31009.5;60230.5;3264.75;0;252334.5;193996.5;301756.5;20626;47989.25
Feb 16, 2025;Feb 17, 2025;106625.75;37760.75;57800;183402.25;97200.25;3254;0;239288.25;185591.75;230924.25;10401.5;48234.25
Feb 17, 2025;Feb 18, 2025;107701.5;39728.5;18781.25;97957.5;186219;3225.5;0;281081.5;185984;350627;42611.25;50200.75
Feb 18, 2025;Feb 19, 2025;107644.25;38315.75;55955.5;211343.25;211395.5;3206.75;0;283280.5;169609.25;299454.5;28407;44035.25
Feb 19, 2025;Feb 20, 2025;107777;36385;132231.5;466425.25;212098.25;3225.75;0;245766;153191.25;241421;21254.5;42641.25
Feb 20, 2025;Feb 21, 2025;108481.75;35351.5;147046;409024.5;130990;3056.5;0;246315.5;156333.75;240315.25;30620;43780.75
Feb 21, 2025;Feb 22, 2025;107280.75;34217.5;144319.5;395186;159384.75;3055.75;0;226612;95241.25;183574;21388;40858
Feb 22, 2025;Feb 23, 2025;106766.5;34785;128186.75;463760.75;141190;2962.75;0;168313.75;62164.25;126135.5;35903.75;40881.75
Feb 23, 2025;Feb 24, 2025;105401.75;33675.75;99661;268334;137532;3011;0;202211;67368;124684.5;24099.5;40140.5
Feb 24, 2025;Feb 25, 2025;104115.5;32407.75;145863.25;569689.75;116136;2835;0;197625.5;87027.25;149803.5;13792.5;39775.5
Feb 25, 2025;Feb 26, 2025;105390.75;36887.5;47868.75;137177.5;112589;2916.25;0;283434.25;140714.75;278296.75;38572.75;42413.5
Feb 26, 2025;Feb 27, 2025;104983.5;36686.25;18504.5;179163.75;65861.25;3087.25;0;291850.25;153643.5;331682.5;27918.75;39314
Feb 27, 2025;Feb 28, 2025;103205;35832.25;37906.5;200827.5;111052.75;3154;0;295847;144890.25;314751;23111;40677.75
Feb 28, 2025;Mar 1, 2025;103346.5;34250;33346;127181.25;87049.5;3120.5;0;301375.25;147948.5;336072.5;28121.25;41930.5
Mar 1, 2025;Mar 2, 2025;103533.37;33859.5;24356.5;109210;113459.37;3091.71;0;297311.75;142291.75;205293;23180.25;43448
Mar 2, 2025;Mar 3, 2025;101886.04;34637;88687.25;175953;233789.87;3068.6;0;248214;101334.25;153822.75;21015.25;48718.75
Mar 3, 2025;Mar 4, 2025;102639.63;34366.5;123688.75;223292;271225.7;2925.02;0;256714.75;115561.25;205025.5;35350;48792.25
Mar 4, 2025;Mar 5, 2025;102946.22;33385.25;118209;209951.25;261327.57;2849.63;0;249893.25;117490;202975.75;32035.5;36599
Mar 5, 2025;Mar 6, 2025;102211.02;31895;140209.75;350216.75;275759.41;2844.26;0;222389;79872.75;198899.75;29145.25;34928.25
Mar 6, 2025;Mar 7, 2025;103068.75;33249.5;90135;226418.75;280978.22;2754.69;0;232176.75;86635;179674.25;34888;30286.25
Mar 7, 2025;Mar 8, 2025;103120.87;32686.75;37171.25;120764.5;276951.59;2841.51;0;239636.25;98809.25;196830.75;38363.25;31160.25
Mar 8, 2025;Mar 9, 2025;101628.84;30122.5;37259.5;167915.5;276344.31;2852.13;0;208812;59412;148264.5;21204;31108
Mar 9, 2025;Mar 10, 2025;100922.19;29180.25;65178;135497.5;274183.01;2812.85;0;198461.5;53634;121091.25;23479.75;35440.5
Mar 10, 2025;Mar 11, 2025;101323.86;28229.75;25068.5;76652.25;195868.02;2798.75;0;218094;109379;238040;32361.25;37141
Mar 11, 2025;Mar 12, 2025;102209.09;28958.75;38408.25;76864;156305.86;2826.14;0;245694.25;142425.25;284387.5;33954.75;37382
Mar 12, 2025;Mar 13, 2025;102853.89;30821.5;24641;76839.25;90916.45;2631.15;0;270209.75;155942;289812.5;33976.25;41050.75
Mar 13, 2025;Mar 14, 2025;102980.51;32921.5;55748;69254.25;114235.63;2853.52;0;279633;150052;286834;31104.25;40369
Mar 14, 2025;Mar 15, 2025;102980.38;35114.75;50081.75;94833.75;117652.87;2880.4;0;275515.75;139411.25;267529.25;28267;47134.75
Mar 15, 2025;Mar 16, 2025;101623.07;31333.75;20635.5;285356;158576.82;2917.58;0;236969.25;68303;133050;22574.75;46689.25
Mar 16, 2025;Mar 17, 2025;101012.72;29254.5;65015.5;228095.75;232471.48;2978.36;0;228681;66607.75;130690.5;21462.75;40538.75
Mar 17, 2025;Mar 18, 2025;101813.68;29557.25;62886;296244.75;268308.47;2908.56;0;241601;97146;167780.5;31322.25;39361.75
Mar 18, 2025;Mar 19, 2025;102137.27;29972;23343.75;198121.5;339752.68;2939.83;0;236132;122173.25;182565.5;27794.75;40948.75
Mar 19, 2025;Mar 20, 2025;102527.64;30279.75;14108.75;102239.75;334206.28;2913.31;0;257668.25;120074;222077.5;35600;36972.75
Mar 20, 2025;Mar 21, 2025;102047;30064.25;16761.25;103119.5;312618.41;2766.63;0;262999;120720.25;232878.5;32369;34131.5
Mar 21, 2025;Mar 22, 2025;100106.17;28749.5;77071.25;339130.75;295731.93;2701.02;0;173033.75;75375.75;136918.25;33060;37299.75
Mar 22, 2025;Mar 23, 2025;97430.51;29388.75;72427.75;614614.25;260512.9;2832;0;94116;43871.5;105804.75;13385.25;39267
Mar 23, 2025;Mar 24, 2025;99957.42;29233.5;110747.75;276992;183685.93;2834.21;0;148029;64375.25;120628;26062.75;41332
Mar 24, 2025;Mar 25, 2025;101366.95;29491.25;10981.75;50118.25;177996.21;2683.4;0;296656.5;139022.75;242602.25;45208;43888
Mar 25, 2025;Mar 26, 2025;100276.52;31131.75;84571.25;166926.5;197587.68;2804.62;0;287560.25;133345;177706;22909;42745.5
Mar 26, 2025;Mar 27, 2025;100594.47;31248.75;61577.75;210492.25;110776.74;2680.6;0;294537;158096;205705;30934;40064.75
Mar 27, 2025;Mar 28, 2025;99014.29;29264;101140.25;102523.75;252725.35;2467.31;0;280421.75;127899.5;156337.5;31191.5;38371.5
Mar 28, 2025;Mar 29, 2025;99943.31;30340;77940.75;147350.5;333176.3;2750.95;0;261968;92500;146348.5;32715;41217.75
Mar 29, 2025;Mar 30, 2025;99415.23;29956;39464.25;240727.5;199314.93;2901.08;0;201220.5;66985.25;102117;33042.75;40770
Mar 30, 2025;Mar 31, 2025;90192.02;32845.25;72105.5;648926.25;154325.41;2692.76;0;102920.25;35677.75;66848;8222;35059.25
Mar 31, 2025;Apr 1, 2025;95881.97;33641;59466.5;367050.25;155545;2851.13;0;230407.25;99670.75;141316.25;36960.5;41447.75
Apr 1, 2025;Apr 2, 2025;95351;33379.75;21155.75;287475.5;269969.5;2731;0;233717;100056.25;144142.5;28030;42796
Apr 2, 2025;Apr 3, 2025;93541.25;32341;68540.25;446878.25;322821.75;2714.5;0;180255.25;68665.75;96234.5;29575.5;42684
Apr 3, 2025;Apr 4, 2025;94086.5;32719;46248.25;269295.75;368875.5;2521;0;198592.75;83867.5;115902;38133.75;43636.5
Apr 4, 2025;Apr 5, 2025;94893;32359.75;30976.75;114144.75;370820;2718.5;0;222289;102653.25;127485.5;38708.25;43208
Apr 5, 2025;Apr 6, 2025;92669.5;30827.25;62731.5;317465.25;326259.5;2759.5;0;115557.25;31238.25;74630;28409.25;40225.75
Apr 6, 2025;Apr 7, 2025;91946;30408.25;32875.5;240947.5;355100.25;2865.25;0;99358.5;42273.5;79937.75;23303.25;39414.25
Apr 7, 2025;Apr 8, 2025;93658.5;30041.75;20227.5;159717.5;355954.5;2811.25;0;192202.5;114402.5;160768.25;32841;42235.75
Apr 8, 2025;Apr 9, 2025;94985.5;33089;2013.25;62123.5;348351.75;2832.25;0;202862.75;133369.75;191068;37500.75;40787.5
Apr 9, 2025;Apr 10, 2025;95157.25;31991.25;64938.5;165311.25;290773;2840.75;0;196652;112478.25;166562;30828.25;40169.25
Apr 10, 2025;Apr 11, 2025;96784.25;30249.75;58717;225523.75;293471.75;2811;0;186471;117702.25;159924;39318.75;42962
Apr 11, 2025;Apr 12, 2025;98599.75;31700.75;51840.75;403650.75;321993.75;2729.5;0;141339;92666.75;146679;40543.25;41365.5
Apr 12, 2025;Apr 13, 2025;98982;29138.5;39860.5;140242.5;366719;2696;0;128644.25;52313;115899.5;42452.25;38007.25
Apr 13, 2025;Apr 14, 2025;97863.75;28884.75;94471.25;431156.75;201453.75;2637.25;0;110110.5;48286.5;83034.25;17698;36040.75
Apr 14, 2025;Apr 15, 2025;100373.25;31990.75;34495.5;127183.25;303543;2637.75;0;216988.25;119830.5;139107.5;41718;37365
Apr 15, 2025;Apr 16, 2025;98305;32061.75;98527.75;412083.25;260386.25;2636.25;0;190807.5;98900.5;122383.5;29136;36087.75
Apr 16, 2025;Apr 17, 2025;98865.5;33817.75;33681;191054.75;271589.5;2589.5;0;218238.5;112562.25;125913.5;34272.25;34716.75
Apr 17, 2025;Apr 18, 2025;100135.75;37072;39889;341716.5;162966.25;2715.25;0;223835.5;110121.5;144230;33913.75;42483.25
Apr 18, 2025;Apr 19, 2025;99369.75;36129.25;34877.75;204731.75;90705.5;2794.25;0;218890;94038.5;97989.75;24406.25;41607
Apr 19, 2025;Apr 20, 2025;99354.5;35207.75;39414.75;71022.25;273892.5;2779.5;0;148974.5;40838.25;87287;30743;40132.5
Apr 20, 2025;Apr 21, 2025;98214;32644;21614.25;101092;315270.25;2724.75;0;119539;31812.25;79219.75;33545.75;41285
Apr 21, 2025;Apr 22, 2025;97908.5;31857.25;2751.5;67840;239729.5;2677.5;0;156292.25;57250.25;95846.75;20928.75;42730.75
Apr 22, 2025;Apr 23, 2025;98958.25;33905.25;3932.25;72591.75;254611.5;2628.25;0;195099.75;118472.5;147116;38791.5;39443
Apr 23, 2025;Apr 24, 2025;99314;33253.25;25678.5;81693.75;269961.75;2709.75;0;195688.25;123256.25;181863;24583;40043
Apr 24, 2025;Apr 25, 2025;98651.25;38793.5;49004.25;180297;164951.25;2809.75;0;212802.25;98417.5;137689;28902.75;37455.75
Apr 25, 2025;Apr 26, 2025;104577.75;40347.5;7054.5;127745.5;202337.5;2826.75;0;203840;77884.25;125999.75;30312.75;34276.75
Apr 26, 2025;Apr 27, 2025;111434.5;36791.5;11538;228456.75;347937;2792;0;122816;22417.25;84359;32015.25;31648.5
Apr 27, 2025;Apr 28, 2025;109707.5;33688.5;33563.75;181109.5;382400.5;2751.25;0;109580;24714.5;72620.5;23939.25;31547.75
Apr 28, 2025;Apr 29, 2025;111006.5;35802.25;15669;47778;412575;2457.25;0;194930.25;56577.75;130576.75;37981.25;35854.5
Apr 29, 2025;Apr 30, 2025;109570.75;37582.75;20360.25;87001.25;402054.5;2341;0;202929.5;64765;128736;28873;33646.5
Apr 30, 2025;May 1, 2025;99944.25;35340.5;14121;55831;403548.75;2464.75;0;201517.25;46687.5;129472.25;33510.5;36124.75
May 1, 2025;May 2, 2025;93669.25;32629.5;9210;65283.25;395093.75;2322.25;0;135979.25;21955;86849.75;34022;36558.75
May 2, 2025;May 3, 2025;94296.5;34949.75;43074;208063.5;355497.75;2327.75;0;105936.75;17981.25;75129.75;34156;36785.5
May 3, 2025;May 4, 2025;94766.5;34528.5;65942;207477.75;243919.5;2434.25;0;99645;11477.25;70755.5;31854;37969.25
May 4, 2025;May 5, 2025;93107.25;35359;98710;350948.5;213836.5;2523.5;0;91839;14257.5;65585.25;20351.25;38794.75
May 5, 2025;May 6, 2025;93677.5;43295.75;63038.25;237291;259846;2531.25;0;155516;32504.25;103274.5;29540.5;38750
May 6, 2025;May 7, 2025;94280.5;47238.25;81533;204329.5;345739;2497.75;0;148608;39596.75;116346;34519.25;36676.5
May 7, 2025;May 8, 2025;96106.25;45470.25;26476.75;167943.5;325819.25;2508.25;0;190094.25;48947.75;140661;33804;37917.5
May 8, 2025;May 9, 2025;96899.75;45023.5;14476;175375.25;309427.5;2668.5;0;186975.75;43045.75;148587.25;36612.25;37735.5
May 9, 2025;May 10, 2025;95764.75;42477.75;13023.25;131339;415645.5;2673.25;0;163997;43434.5;139656;33333;37377
May 10, 2025;May 11, 2025;94667.75;37698.75;6748.75;112672.5;400205;2526;0;124782.75;23981;85784.5;34136.5;36795.5
May 11, 2025;May 12, 2025;92845.75;35356;42860.5;204596.25;406994;2456.5;0;94434;15309.5;67233.75;25042;36318.5
May 12, 2025;May 13, 2025;92814.75;36901.75;92347;282598.5;437928;2448;0;117905;25825.5;104138.25;30978.25;39081.25
May 13, 2025;May 14, 2025;93248;37027.25;45296;137505.75;438599.5;2472.75;0;168387.25;44819.25;127436;37255.5;39349.75
May 14, 2025;May 15, 2025;92709;35170;57561.25;227187.25;413062;2492.75;0;150321.25;47832.25;109132.75;22494.75;35998.25
May 15, 2025;May 16, 2025;93751.75;33409;68438.75;332218.5;366984;2472.25;0;141574;42446;104157.75;32231.25;35007
May 16, 2025;May 17, 2025;95052.25;33723;69110.25;258890.5;340333;2584;0;139453.5;39619.5;105759.5;35711.25;34554.75
May 17, 2025;May 18, 2025;93953;32524.25;49600.5;278386.75;298016;2513;0;112458.5;23893;84051;32069.75;35539.25
May 18, 2025;May 19, 2025;93440.5;32692.75;31171;220119.5;295843;2487;0;116409.75;25327;88871.75;22508;38449
May 19, 2025;May 20, 2025;94405.75;32930.25;18615.25;112628;352631.25;2358.75;0;186486.75;52768.5;133834.25;38160.5;39427.75
May 20, 2025;May 21, 2025;92783.5;35681.75;52793.25;94077;388609.5;2440.25;0;180673.25;64381.75;153573.75;29313.25;36057.75
May 21, 2025;May 22, 2025;92363.25;34846;107663;354965.25;325846.5;2220.25;0;168874.5;54921.25;124074.25;27514.75;38832.5
May 22, 2025;May 23, 2025;93316.5;38571.75;107529.25;471352.5;261699.75;2108.25;0;144814.75;48615.75;134743.5;26384.75;42593.75
May 23, 2025;May 24, 2025;96547.75;40104.75;97709.25;325900.75;332141.75;2523.5;0;137163.25;41852.25;102560.25;28703.25;40829.75
May 24, 2025;May 25, 2025;96253.5;35655.75;72221.5;317384.25;333223.25;2528.75;0;85714;17268.75;66490;37205.25;39471.75
May 25, 2025;May 26, 2025;94289;30853.75;114515.25;442297.25;163808.75;2475.5;0;79106.75;11957.25;56031.75;25700.75;40712.75
May 26, 2025;May 27, 2025;96351.75;36882.5;94392.75;281069;325922.75;2481.5;0;119652.75;21615.75;96787.25;39794.5;40850.5
May 27, 2025;May 28, 2025;95164.25;39407.25;77708.25;471424.5;252952.25;2343.5;0;118369.5;30776;104203.25;27430.25;39140.5
May 28, 2025;May 29, 2025;96021.25;40192.5;32068.25;537976.5;186610;2504.5;0;138238.5;35537.75;92741;34562;37101
May 29, 2025;May 30, 2025;95566;45382;77737.75;242104.5;297413.5;2557;0;100993.5;14682.5;75568.5;32124.25;39097.5
May 30, 2025;May 31, 2025;94251.25;45596.5;114781.25;341002.5;359505;2450.25;0;92116.5;12509;76862.75;33246.25;38606
May 31, 2025;Jun 1, 2025;93654.25;44192.5;15099;63704.5;373985;1871;0;109397.5;16315.75;89861;44212.75;40326.75
Jun 1, 2025;Jun 2, 2025;91753.25;41654.5;49641;256154.25;282583.5;1989.75;0;89800.5;9273;66026.75;18455.25;40169.25
Jun 2, 2025;Jun 3, 2025;94882.25;48767.5;63616.25;161203.75;270886.5;2287.25;0;165929.75;22258;111887.25;44775.75;41151.25
Jun 3, 2025;Jun 4, 2025;95373.5;49399;87302.5;163446;364609.5;2367.75;0;118062.75;43525;123680.25;29457.5;37463
Jun 4, 2025;Jun 5, 2025;94892;50392.75;91725.25;290754;250030.75;2201.75;0;116706.5;46858.25;86229;27659.75;36517.75
Jun 5, 2025;Jun 6, 2025;96555.25;51501.25;74561;327393;252829.5;2399.5;0;118052;47261;74644;34180;41009.25
Jun 6, 2025;Jun 7, 2025;94647;49260;93322;606585;276173.5;2365.75;0;76479;21252.5;62765.75;33231;39898.25
Jun 7, 2025;Jun 8, 2025;95047.25;50549.25;19863.75;323864;224722.5;2458.5;0;101557.5;12894.75;61574.5;36240;40613.5
Jun 8, 2025;Jun 9, 2025;92411;45990.75;36654.75;527526.25;241622.25;2416.5;0;63378.75;7330.75;50653.75;21966.25;39764.5
Jun 9, 2025;Jun 10, 2025;96157.75;48411.25;59841;272130;360182;2403;0;77064.25;6797.5;60362.25;46969;40921
Jun 10, 2025;Jun 11, 2025;95794.5;46113.75;127123;458399.5;266028.25;2293.5;0;93863;14671.5;76052.25;25175.75;38844.5
Jun 11, 2025;Jun 12, 2025;97239.75;46286;42523.75;249906.25;412606;2308.5;0;108918.25;36395.25;91082;41902.5;35471
Jun 12, 2025;Jun 13, 2025;95724.5;46686.5;54192.5;263051.75;456031.5;2212.5;0;109370.25;45415.5;74742.75;37529;33096
Jun 13, 2025;Jun 14, 2025;94306;45197.75;86400.25;368381.5;459015.75;2188.5;0;102267.25;30063.75;85048;38632.5;36053.25
Jun 14, 2025;Jun 15, 2025;92299.75;44338.5;74290.5;282424.5;419659.25;2083;0;84990.5;16848;75657;31713.5;34797.25
Jun 15, 2025;Jun 16, 2025;92025;44613.5;40913.5;193873.25;271101;2092.25;0;110758.25;27639;63905.75;22564.75;32592
Jun 16, 2025;Jun 17, 2025;94298.25;50942.25;57251;236320;334467;2268.75;0;171351.5;57457.25;80149.5;31835.75;33490.5
Jun 17, 2025;Jun 18, 2025;95542;49986;58218.75;65508.75;437433;2014.75;0;192500;68669.5;94185.25;32026;34099.5
Jun 18, 2025;Jun 19, 2025;95605.5;48495.75;36731.25;130184.25;421464.5;2012;0;191894.75;77295;104072;31344.25;33750.75
Jun 19, 2025;Jun 20, 2025;94344.75;43262;45394.25;242334;422383.25;2000.25;0;118573.75;53137.75;68253.5;28961;33081.75
Jun 20, 2025;Jun 21, 2025;96097;43912;10058.75;99803.75;477677.25;2072.75;0;110730.5;70743.75;71586.75;34455.25;28423
Jun 21, 2025;Jun 22, 2025;94010.5;43271.25;16023;61294.75;442377.25;2282.75;0;110765.75;61561.5;70477.5;33064.75;33781.25
Jun 22, 2025;Jun 23, 2025;90782.25;38476.5;57305.75;172045.5;403751;2044.5;0;90964;22965.75;54047.25;32881.5;33157.25
Jun 23, 2025;Jun 24, 2025;91256.25;39462.75;76475.5;595226.75;301413.25;2060.25;0;80360.25;48799.25;77668.75;22340.25;33677.25
Jun 24, 2025;Jun 25, 2025;92582.75;38177.5;98479.75;569463;336601.75;2088.25;0;102451;47793;82252.75;23092.75;33970.75
Jun 25, 2025;Jun 26, 2025;93247.75;42768;43150.5;372383;386996.75;2064.25;0;163332.25;68460.5;102580;32473.75;33113.75
Jun 26, 2025;Jun 27, 2025;91896.5;43279;49668.25;328057.5;295893.25;2138.75;0;181162.25;67318.75;93292.75;21285.25;31813.25
Jun 27, 2025;Jun 28, 2025;93914.5;42275.25;97144.5;388984;242821.25;2208;0;180825.5;58864.5;84093;23794;33995.5
Jun 28, 2025;Jun 29, 2025;91608.25;36213.75;115999;296683.5;376859.75;2137;0;96464.75;20954.25;62348.5;24471.75;34155
Jun 29, 2025;Jun 30, 2025;91297;34447;60528.5;264954.75;394228;2082;0;112981.75;22407.75;63000.5;19988.25;33848
Jun 30, 2025;Jul 1, 2025;93853;39077.5;24506.5;108190.25;453661.75;1997.5;0;193961.25;66091.5;122198;34311.25;32108.5
Jul 1, 2025;Jul 2, 2025;90812.3;42193.73;36228.29;106144.39;434800.37;1756.3;0;201012.75;86762.5;160349.75;28477.75;33654.25
Jul 2, 2025;Jul 3, 2025;88268.42;41724.81;45341.54;182109.99;411115.1;1675.55;0;191011.25;76366;151720;22780.25;35182.5
Jul 3, 2025;Jul 4, 2025;91928.68;42530.81;61571.42;322312.24;320529.32;1894.83;0;169237.75;78157.25;105828.25;26572.75;33925.5
Jul 4, 2025;Jul 5, 2025;93365.37;38289.61;77062.75;106477.78;410020.31;2051.55;0;193740;63820.5;113000.25;31519.5;33204
Jul 5, 2025;Jul 6, 2025;91942.15;36547.82;97328.54;303832.94;358224.83;2079.94;0;129367.75;32507.25;59414.75;23073.25;32071
Jul 6, 2025;Jul 7, 2025;93308.48;35981.6;41753.8;264826.2;243697.84;2096.5;0;145649.25;33421;60975.25;30748.5;31746.75
Jul 7, 2025;Jul 8, 2025;93741.46;39366.04;77294.19;198106.59;243269.74;2103.16;0;212401.75;74275.75;96895.5;25938.5;31155.5
Jul 8, 2025;Jul 9, 2025;92718.65;42906.05;88459.02;297499.73;272650.79;2241.88;0;191246.5;64465;83095.5;21428;30651
Jul 9, 2025;Jul 10, 2025;93695.2;47101.17;23914.75;255389.29;278965.37;2260.7;0;214318.75;63408;100767.5;25766.5;29965
Jul 10, 2025;Jul 11, 2025;94420.1;43347.86;19673.56;110846.38;356524.75;2235.16;0;214902.75;69848.5;110810.5;26656.25;32818.25
Jul 11, 2025;Jul 12, 2025;92881.16;40816.5;44652.19;201887.91;322149.08;2258.08;0;184335.25;66021;95941.5;27349.75;33169.25
Jul 12, 2025;Jul 13, 2025;92725.2;38839.94;67284.4;182220.11;248430.57;2282.69;0;121790.5;38805.25;71550.5;27009;32602
Jul 13, 2025;Jul 14, 2025;91125.51;37822.1;35055.01;74580.21;318488.42;2187.57;0;143813;39777;72858.5;24026.25;35920.25
Jul 14, 2025;Jul 15, 2025;91651.65;37749.13;4850.72;118133.61;282544.81;2194.96;0;224801.25;84698;98714.75;30304.5;36222.25
Jul 15, 2025;Jul 16, 2025;91348.48;37925.09;40881.61;203411.12;271871.18;2238.07;0;218771.5;74365.25;85693.5;15733.25;35426.5
Jul 16, 2025;Jul 17, 2025;93482.91;39465.23;28421.54;210362.96;258423.95;2241.96;0;227286.5;99483.25;93819.5;27533.5;36998.25
Jul 17, 2025;Jul 18, 2025;93493.82;44897.88;64024.43;264078.18;256549.38;2344.97;0;227146.75;91826;106034;20112.5;35218.5
Jul 18, 2025;Jul 19, 2025;94171.38;44919.12;3358.37;35694.16;330089.08;2287.91;0;236133.5;112547.75;125876.75;33073.75;34394.5
Jul 19, 2025;Jul 20, 2025;92953.36;41145.55;28095.99;114160.72;395944.55;2123.26;0;159781.25;50437.75;73178;28110.5;35316.5
Jul 20, 2025;Jul 21, 2025;91109.41;41690.46;49195.79;149534.81;346510.83;2041.46;0;150951.25;42255.75;63384.75;13214.75;36576.25
Jul 21, 2025;Jul 22, 2025;93440.84;47966.35;27086.69;171348.4;162923.78;2064.43;0;227306.75;96494.75;103275.25;34353.5;35788.75
Jul 22, 2025;Jul 23, 2025;94070.51;52971.55;29914.94;353115.61;256371.82;2077.19;0;194748;57869.5;67368.75;21269;36824.25
Jul 23, 2025;Jul 24, 2025;94454.19;52240.59;85497.33;449334.15;286726.11;1920.38;0;185168;55945;79920.75;20114.25;34388
Jul 24, 2025;Jul 25, 2025;91827.4;51626.52;23638.19;72476.74;240660.1;2280.46;0;240899.75;102560.5;151592.5;31440.5;35009.75
Jul 25, 2025;Jul 26, 2025;92580.51;52984.18;33619.39;94831.05;255492.37;2262.14;0;217175.25;82729.25;128788;24433.75;35743.5
Jul 26, 2025;Jul 27, 2025;94763.42;54300.88;19075.19;48630.31;244360.37;2278.5;0;184588.5;73914.25;94539.5;21851;35898.25
Jul 27, 2025;Jul 28, 2025;94486.79;54319.52;25045.3;85944.6;242725.84;2256.41;0;152735;16361.25;66325.25;21554.5;38590
Jul 28, 2025;Jul 29, 2025;94690.68;57707.68;47715.97;273164.85;232298.07;2186.12;0;153899.25;16401.25;75348;22126;39350.25
Jul 29, 2025;Jul 30, 2025;94063.75;54567.16;111702.27;292570.95;297592.07;2188.4;0;136252.25;23700.75;66558.25;41658.25;37393.25
Jul 30, 2025;Jul 31, 2025;93907.31;54343.47;134428.65;287500.11;249140.8;2260.96;0;149720;17372.25;86827;32406.25;35537.25
Jul 31, 2025;Aug 1, 2025;95090.76;56831.1;89076;337274.65;227281.43;2147.51;0;153869.25;22877.75;76661.75;28294.25;36552.75
Aug 1, 2025;Aug 2, 2025;95544.84;55990.96;32416.27;181240.29;262545.38;2449.94;0;152379.75;24672.75;84089;32965.75;36342.75
Aug 2, 2025;Aug 3, 2025;95348.79;56989.68;102877.28;182764.81;251568.89;2566.51;0;120910.75;8921.5;59795.25;33110;36473.5
Aug 3, 2025;Aug 4, 2025;94362.95;55838.96;104355.74;294452.49;212868.3;2470.87;0;82561.5;5127;55064.75;17686;36198.75
Aug 4, 2025;Aug 5, 2025;96228.32;56968.85;91547.34;359988.83;239098.15;2478.38;0;87626.75;6956;84527.25;39272.5;37018
Aug 5, 2025;Aug 6, 2025;93319.1;51692.14;142311.45;446258.67;249498.11;2431.09;0;71116.25;8121;69524.5;36979;36900
Aug 6, 2025;Aug 7, 2025;95889.81;54879.41;100669.11;269095.95;355808.82;2281.93;0;84366.75;23962.75;70411.25;38344;33407.75
Aug 7, 2025;Aug 8, 2025;95815.5;53428.87;57804.17;104684.85;379929.01;2232.82;0;120582;31103.5;81437.75;30836.25;34536.25
Aug 8, 2025;Aug 9, 2025;95494.03;50378.05;36316.91;155058.83;347118.41;2338.26;0;137820.25;39079.75;83379.5;30205;35805
Aug 9, 2025;Aug 10, 2025;94269.96;47655.04;31480.14;95343.88;365313.57;2300.13;0;126677.75;19221;78620.25;31081;34316.75
Aug 10, 2025;Aug 11, 2025;93274.9;42953.27;38544.58;186190.99;379155.11;2396.45;0;110469.25;7779.25;63658;24756.5;32440.25
Aug 11, 2025;Aug 12, 2025;94444.56;46147.6;5474.15;72944.21;421734.11;2465.62;0;151139.75;36875.75;118857.75;30478.25;36205.75
Aug 12, 2025;Aug 13, 2025;92989.6;46364.78;23445.12;135772.11;373474.07;2484.59;0;165039.75;76980.25;138337.25;25904.5;33970
Aug 13, 2025;Aug 14, 2025;92064.06;44667.96;28642.8;121658.84;382366.82;2376.55;0;161717;90554.75;144002.25;26904.25;35025.5
Aug 14, 2025;Aug 15, 2025;90732.91;45446.5;33922.95;64128.57;360749.1;2321.42;0;167086.25;100253.5;157331.25;29979;33070.5
Aug 15, 2025;Aug 16, 2025;88224.99;41954.83;44640.22;160977.28;359752.64;2290.4;0;150128.75;62881;94369.25;29178;33563.25
Aug 16, 2025;Aug 17, 2025;89330.84;39415;105957.25;260704.18;265769.28;2449.97;0;129050.75;15015.75;48976.25;26128.25;34721
Aug 17, 2025;Aug 18, 2025;90525.72;39975.42;48866.26;116494.07;315436.83;2465.75;0;136882.5;24009.75;67488.25;20310.5;34249.5
Aug 18, 2025;Aug 19, 2025;91065.35;41368.02;1941.49;56975.71;410042.37;2601.95;0;181583;72675;124543.5;31549.25;34653
Aug 19, 2025;Aug 20, 2025;89598.35;40866.39;30264.06;82139.05;401907.49;2502.99;0;180506.5;67405.5;123245.25;28968.5;33580.75
Aug 20, 2025;Aug 21, 2025;90347.2;41896.76;49642.02;134518.24;304383.51;2441.76;0;195032.25;75241.75;114121.25;22276.25;33894.25
Aug 21, 2025;Aug 22, 2025;90785.01;45777.47;70636.79;216991.83;283324.99;2412.94;0;179517.25;67271;112084.75;17815.75;35351.5
Aug 22, 2025;Aug 23, 2025;91722.31;51936.04;109670.59;288361.89;251560.33;2416.11;0;161446.5;28272.75;61343.75;29782;34728.25
Aug 23, 2025;Aug 24, 2025;91675.08;48407.8;98359.91;280625.19;243412.04;2408;0;131900.75;7785.5;56132.25;21422.5;34145
Aug 24, 2025;Aug 25, 2025;91306.34;44612.22;47760.14;156646.05;294082.88;2449.28;0;133169.25;10387;64483.25;23979;33646
Aug 25, 2025;Aug 26, 2025;91444.72;44894.14;23255.73;120413.33;336809.68;2378.07;0;168480.25;44143.25;108568.5;26949;35203.75
Aug 26, 2025;Aug 27, 2025;90936.85;43391.54;28374.6;84843.91;360119.52;2195.1;0;193782.5;82292.5;136441.25;23840.25;36440.5
Aug 27, 2025;Aug 28, 2025;89250.66;43937.93;34444.85;191920.26;282030.18;2093.35;0;185390.25;81718.5;144849.5;24024.75;34387
Aug 28, 2025;Aug 29, 2025;89808.09;43737.75;16979.31;100677.44;141631.07;2301.81;0;203441.75;89484;196021.25;22792.75;34292.5
Aug 29, 2025;Aug 30, 2025;89695.8;49458.11;42327.55;154259.39;262587.15;2365;0;181950.25;59248.75;131684;22463.75;34692.75
Aug 30, 2025;Aug 31, 2025;89365.47;48931.55;43959.07;193103.76;271338.03;2344.34;0;143636.25;16365.25;75247;25896.25;33396.5
Aug 31, 2025;Sep 1, 2025;87637.25;43048.37;72190.14;189924.62;306862.64;2261.76;0;123355.25;17639;67339.5;17166.5;33283.25
Sep 1, 2025;Sep 2, 2025;89508.52;44778.07;39458.64;189073.41;204545.08;2400.49;0;188070.5;59050.25;135319;30556;34953.25
Sep 2, 2025;Sep 3, 2025;92567.22;45054.19;38091.94;150717.84;224506.03;2569.38;0;182380.5;72010.25;165990.25;28340.75;33480.5
Sep 3, 2025;Sep 4, 2025;91064.09;42222.97;101172.36;475852.32;272326.09;2484.28;0;138629.5;51859.5;97251.5;16923.75;31628.25
Sep 4, 2025;Sep 5, 2025;92072.31;43492.43;81259.67;311838.36;272012.37;2465.46;0;142170.25;57467.5;123719.75;29968.25;32677.75
Sep 5, 2025;Sep 6, 2025;94145.73;45128.08;47838.66;180517.47;204634.17;2518.82;0;216790.25;73517;150607.25;25093.25;30210.75
Sep 6, 2025;Sep 7, 2025;94587.48;46601.77;13047.8;70009.26;348876.49;2421.9;0;176531.25;48274.25;92178;25623.75;35570.75
Sep 7, 2025;Sep 8, 2025;92646.64;38676.99;85563.86;292183.87;322542.97;2328.91;0;122384.75;7739.25;60411.5;10172.25;29216.25
Sep 8, 2025;Sep 9, 2025;95258.34;44726.55;60347.3;169638.48;239621.38;2217.17;0;220021.25;64932.5;159286.5;32207;29155.5
Sep 9, 2025;Sep 10, 2025;93502.65;48894.09;22532.4;80982.48;162713.98;2369.65;0;243722.25;99077.5;224810.75;27711.5;32397
Sep 10, 2025;Sep 11, 2025;90960.42;44434.02;34958.56;60942.56;161540.37;2316.99;0;249862.75;92669.75;206411.75;28002.25;31519.75
Sep 11, 2025;Sep 12, 2025;89680.77;41454.89;115095.18;439897.42;216501.19;2401.59;0;163080.75;19777.5;103667.75;23911.5;32511.25
Sep 12, 2025;Sep 13, 2025;90858.18;40937.7;113824.21;472035.77;234885.82;2163.69;0;104804.25;18958.5;106286;29862.5;33221
Sep 13, 2025;Sep 14, 2025;94868.85;38847.04;120418.41;351144.57;244310.12;1877.96;0;94234.5;17818;69987.75;23936.25;34067.25
Sep 14, 2025;Sep 15, 2025;95320.3;38925.82;54099.6;243754.89;236473.57;1911.24;0;111849.75;12844.75;79842.75;33016.5;33023.5
Sep 15, 2025;Sep 16, 2025;89890.46;37047.03;118047.89;764259.11;224730.07;2077.94;0;57889.75;27660.75;53532.25;25939.25;33248
Sep 16, 2025;Sep 17, 2025;86711.15;37629.2;118546.13;824322.89;191934.94;2401.9;0;68275.25;28983.75;57006;23791.25;31321.5
Sep 17, 2025;Sep 18, 2025;90717.55;36942.93;144126.49;505103.7;200156.22;2466.47;0;118816;45338.25;96026.5;27915.5;32004.25
Sep 18, 2025;Sep 19, 2025;89110.29;36771.13;144165.25;511097.56;245392.2;2418.94;0;108959.25;27027.25;100245.75;24730;33037.5
Sep 19, 2025;Sep 20, 2025;90350.87;34111.72;105316.8;253380.57;310485.95;2427.08;0;155983.75;41657.25;123752.75;31877.75;31903.75
Sep 20, 2025;Sep 21, 2025;89007.48;32198.42;106267.76;350553.33;289091.87;2446.65;0;118101.25;9119;53780.75;23942.25;32183
Sep 21, 2025;Sep 22, 2025;87572.44;31939.89;130147.51;436073.98;169127.1;2406.47;0;105595;23072.75;62742.5;11050.75;33035
Sep 22, 2025;Sep 23, 2025;92942.99;35868.31;119721.8;291288.3;122161.06;2415.65;0;198405.75;52561.5;115372.75;21105.75;34344
Sep 23, 2025;Sep 24, 2025;96416.06;41704.02;38264.03;248913;194359.72;2503.18;0;226150.75;77860.75;192318.75;24599.25;35060
Sep 24, 2025;Sep 25, 2025;95909.58;39351.43;61964.47;592293.33;160311.32;2585.9;0;187940.5;39380;105037.75;18537.25;32452.75
Sep 25, 2025;Sep 26, 2025;96829.88;42294.57;117478.29;606623.05;113079.68;2639.23;0;177422.75;37058.5;110138.25;29631.25;33010.25
Sep 26, 2025;Sep 27, 2025;98188;42585.06;141646.8;367582.51;124492.02;2598.52;0;205561.25;42982.25;153455;23927.5;34467.25
Sep 27, 2025;Sep 28, 2025;98226.98;41717.48;72770.5;170380.14;148047.12;2529.64;0;184570.25;30594.75;133336.25;16014.25;37730
Sep 28, 2025;Sep 29, 2025;97491.11;38719.37;21991.6;90941.87;216290.33;2581.42;0;186077;35548.5;150768.25;10485.75;39806.5
Sep 29, 2025;Sep 30, 2025;98564.47;38278.99;22006.88;93780.03;209935.91;2569.44;0;234303.5;81700.25;252313.75;26859.25;41789.25
Sep 30, 2025;Oct 1, 2025;99239.59;37542.5;20370.51;125960.34;170810.27;2642.02;0;237104.25;101027;255176;27918.75;45113.25
Oct 1, 2025;Oct 2, 2025;100409.91;39596.68;35978.48;131424.02;226638.91;2594.25;0;249280.25;96879.75;244947.5;26974;43456
Oct 2, 2025;Oct 3, 2025;101765.17;39339.94;71827.54;148405.07;268752.06;2685.3;0;232699.5;53248;213277.25;29262.5;44941
Oct 3, 2025;Oct 4, 2025;100129.06;37686.63;114383.9;397348.58;230704.36;2661.47;0;95139.25;16919.75;114062.5;25913.75;44864
Oct 4, 2025;Oct 5, 2025;95435.76;33017.18;107280.33;835336.51;85342.14;2088.95;0;49067;15772.5;48128.75;25453.75;42374.5
Oct 5, 2025;Oct 6, 2025;91669.62;35962.37;98388.74;831504.15;117207.8;2041.59;0;62409.75;15467.25;52107.5;21157.25;41647.75
Oct 6, 2025;Oct 7, 2025;94460.31;39643.03;76083.7;597532.11;69739.12;2516.38;0;172039.25;57158.5;184987.5;25929;42241.75
Oct 7, 2025;Oct 8, 2025;96025.91;45035.28;53187.92;107913.76;76770.39;2510.32;0;263102;88878;280006.75;31920.75;41413
Oct 8, 2025;Oct 9, 2025;95962.01;43778.96;44836.16;92005.48;114827.78;2435.02;0;272330.25;103663;286058.75;31486.75;44733
Oct 9, 2025;Oct 10, 2025;95163.29;42056.35;89290.32;187081.68;106793.52;2564.13;0;273398.25;110581.25;277629.25;19402.75;41441.5
Oct 10, 2025;Oct 11, 2025;95967.41;39077.5;108895.98;381015.31;84678.64;2610.87;0;238730.75;87574.25;185237.5;22571.25;50898.75
Oct 11, 2025;Oct 12, 2025;95809.4;34228.41;73501.68;281295.48;100421.09;2573.91;0;209580;63095.5;123712.75;18497.5;48028
Oct 12, 2025;Oct 13, 2025;94935.02;31399.18;74705.67;196179.56;90995.12;2487.87;0;227723.25;60532.75;135904.5;11437;47736.75
Oct 13, 2025;Oct 14, 2025;96541.27;37022.86;20767.29;42183.42;122242.28;2560.32;0;254720;127713.25;279751.5;35650;50254
Oct 14, 2025;Oct 15, 2025;96308.57;36203.51;47918.32;106148.37;129891.56;2531.27;0;259450;136729;306570.5;27763.5;48977
Oct 15, 2025;Oct 16, 2025;97011.76;37025.82;55222.81;66540.03;103797.98;2564.77;0;279557.48;131924.52;315380.49;28743.8;47949.04
Oct 16, 2025;Oct 17, 2025;97339.48;33539.58;116980.05;192889.39;99141.68;2568.05;0;274307.45;108925.56;267863.64;23553.01;46839.96
Oct 17, 2025;Oct 18, 2025;97961.87;31736.55;92662.84;231859.22;93471.41;2699.57;0;271579;137360.92;243067.06;22538.5;45445.97
Oct 18, 2025;Oct 19, 2025;98141.93;28165.85;37915.88;154998.84;206085.89;2774.64;0;226227.06;92882.74;158752.07;17597.29;45781.68
Oct 19, 2025;Oct 20, 2025;95833.12;26305.01;103531.57;410300.37;164018.95;2807.09;0;135939.95;29025.49;90736.83;12907.26;47190.07
Oct 20, 2025;Oct 21, 2025;96611.79;29423.12;148934.53;548519.07;98744.11;2714.58;0;151516.82;60270.08;123332.91;30319.28;47111.37
Oct 21, 2025;Oct 22, 2025;95963.46;28578.1;140354.69;664676.77;117762.55;2709.59;0;140875.96;63489.79;122088.37;15074.21;51618.02
Oct 22, 2025;Oct 23, 2025;101833.47;31295.56;88310.83;249053.13;81191.38;2679.16;0;239349.12;118160.42;245363.79;34118.09;53614.17
Oct 23, 2025;Oct 24, 2025;98899.96;33165.22;99428.01;742322.3;61725.73;2703.07;0;146631.83;61495.2;115638.85;13003.45;49218.83
Oct 24, 2025;Oct 25, 2025;97560.86;35560.57;107423.06;987565.21;101120.9;2626.48;0;66611.15;38145.99;79751.24;22819.67;45280.74
Oct 25, 2025;Oct 26, 2025;99450.91;33611.07;153683.12;865240.7;72376.98;2636.25;0;60311.68;18654.19;64902.79;34934.97;42811.53
Oct 26, 2025;Oct 27, 2025;101175.19;36741.86;145227.91;965591.09;89482.64;2693.79;0;79597.93;13735.9;59722.79;18921.31;32709.59
Oct 27, 2025;Oct 28, 2025;100652.48;38983;124085.7;847870.23;67405.32;2509.86;0;82332.56;41833.29;115687.97;33070.65;37290.97
Oct 28, 2025;Oct 29, 2025;100120.31;40958.66;132155.21;875777.2;63540.35;2516.75;0;96943.9;43110.37;118060.34;22324.52;45307.35
Oct 29, 2025;Oct 30, 2025;99455.24;40078.26;141836.24;540937.32;132634.07;2514.13;0;177069.95;54439.35;139334.79;29441.37;39996.42
Oct 30, 2025;Oct 31, 2025;101308.41;38634.62;94171.98;687545.3;136908.28;2554.4;0;170977.35;55464.5;127790.48;18468.33;38653.08
Oct 31, 2025;Nov 1, 2025;104153.52;38918.94;102863.72;328474.73;128209.43;2654.47;0;189222.45;63025.47;155556.61;25481.53;44273.15
Nov 1, 2025;Nov 2, 2025;101365.69;38196.27;132104.93;527229.82;82441.12;2659.1;0;92318.61;25846.72;81971.49;15959.08;44292.89
Nov 2, 2025;Nov 3, 2025;102594.62;38336.01;79070.76;314078.19;52161.67;2581.46;0;150945.19;28887.6;123516.43;23595.86;46535.19
Nov 3, 2025;Nov 4, 2025;100582.46;41811.84;109466.81;530567.71;114893.67;2551.69;0;165954.3;56473.13;149591.82;20684.85;48206.33
Nov 4, 2025;Nov 5, 2025;101099.54;41098.29;136529.59;452804.6;140137.19;2623.57;0;188463.81;72582.79;151462.93;24450.31;46328.58
Nov 5, 2025;Nov 6, 2025;102234.46;39949.3;119320.37;361245.36;159141.12;2621.88;0;220562.21;92497.97;168010.2;20106.45;49154.16
Nov 6, 2025;Nov 7, 2025;103020.92;39192.22;38418.39;241764.31;137634.07;2671.73;0;259440.59;124578.54;263010.81;17721.12;47806.48
Nov 7, 2025;Nov 8, 2025;105601.97;40149.68;13557.03;109890.49;90241.46;2692.15;0;267849.02;138461.51;330148.62;31972.51;41676.07
Nov 8, 2025;Nov 9, 2025;105301.29;37633.35;1294.43;29322.74;55959.28;2704.91;0;275972.99;132476.8;317870.35;18925.78;41045.55
Nov 9, 2025;Nov 10, 2025;104055.69;36351.27;7889.96;50107.75;32512.51;2647.35;0;279655.46;126466.83;269391.4;10303.48;42014.1
Nov 10, 2025;Nov 11, 2025;105856.49;38928.33;56215.05;126009.17;68047.73;2688.07;0;283482.64;123724.07;303326.18;31825.66;43529.8
Nov 11, 2025;Nov 12, 2025;104303.87;35711.82;112855.1;322440.11;81354.84;2749.84;0;254667.98;101807.31;222918.3;26126.79;41173.54
Nov 12, 2025;Nov 13, 2025;103146.34;35757.86;126299.78;498575.33;106796.51;2717.03;0;181649.43;91046.76;180769;20002.24;39236.52
Nov 13, 2025;Nov 14, 2025;103022.58;33041.13;97343.75;621080.65;105613.03;2664.14;0;154683.27;86343.76;180546.43;14007.4;38890.56
Nov 14, 2025;Nov 15, 2025;105956.37;33682.15;76669.53;271144.36;55257.76;2672.67;0;220092.64;128236.25;272967.59;29354.88;47665.05
Nov 15, 2025;Nov 16, 2025;104412.51;30965.16;124565.97;426376.35;50640.96;2654.42;0;178220.51;64282.86;202506.98;11795.15;44669.13
Nov 16, 2025;Nov 17, 2025;105269.38;28830.91;76997.28;164565.19;57424.76;2652.74;0;212394.19;85728.33;215071.97;18016.93;47097.45
Nov 17, 2025;Nov 18, 2025;103724.79;32327.35;152879.14;355591.42;49514.63;2618.49;0;237391.71;100063.85;285096.8;23608.83;48472.42
Nov 18, 2025;Nov 19, 2025;103664.24;34259.23;88404.27;488184.41;80537.04;2475.3;0;245603.28;119549.92;274284.33;20519.19;46417.68
Nov 19, 2025;Nov 20, 2025;104528.18;32735.2;80209.75;373999.98;71964.97;2730.91;0;265043.09;129011.38;317230.24;31186.13;44061.62
Nov 20, 2025;Nov 21, 2025;104032.4;34601.03;54490.62;286138.51;46819.67;2773.98;0;267536.25;148630.66;368195.2;30805.63;45593.23
Nov 21, 2025;Nov 22, 2025;102535.98;34716.93;45863.37;125608.56;92640.71;2829.07;0;291869.89;161869.04;394799.61;37993.45;47880.32
Nov 22, 2025;Nov 23, 2025;97199.24;29287.12;127261.2;321341.79;115208.91;2905.19;0;211505.4;84422.58;220742.56;13696.08;47354.47
Nov 23, 2025;Nov 24, 2025;96426.25;26554.36;134121.75;546560.49;98254.3;2882.79;0;135370.77;72253.34;201336.68;7603.56;47359.55
Nov 24, 2025;Nov 25, 2025;100818.7;32921.06;85511.46;334034.91;25668.56;2811.91;0;248154.27;137808.13;336411.19;28982.15;49778.36
Nov 25, 2025;Nov 26, 2025;102182.22;43664.07;66374.54;65178.58;32120.43;2694.36;0;271951.06;171218.07;416520.85;38947.71;49236.33
Nov 26, 2025;Nov 27, 2025;102965.43;46543.7;22951.73;131540.34;31654.43;2693.69;0;271892.01;166461.35;404770.79;43758.14;45759.87
Nov 27, 2025;Nov 28, 2025;98295.7;41250.96;139225.35;544731.92;51637.53;2827.22;0;200088.03;114035.86;247385.25;10323.62;45510.12
Nov 28, 2025;Nov 29, 2025;98764.21;38718.17;142513.33;520437.57;43795.46;2938.96;0;192440.32;111250.15;232424.8;29934.08;37776.66
Nov 29, 2025;Nov 30, 2025;99237.4;33550.35;133952.15;358597.04;39370.51;2915.91;0;190259.7;89180.76;199410.05;11583.45;40233.28
Nov 30, 2025;Dec 1, 2025;97423.64;33369.96;133942.88;453045.21;41455.27;2878.42;0;180045.46;80728.27;188099.24;9771.77;45907.5
Dec 1, 2025;Dec 2, 2025;97009.08;36315.17;133733.95;507799.62;76397.96;2886.01;0;183321.02;87353.93;220359.26;24185.43;46341.85
Dec 2, 2025;Dec 3, 2025;98716.54;39757.82;123252.96;439213.28;58644.25;2916.75;0;231555.48;100918.28;264128.9;27761.22;47392.56
Dec 3, 2025;Dec 4, 2025;99952.6;46131.1;28166.37;88154.49;34080.97;2944.9;0;297538.31;141878.69;397523.48;49646.1;51628.06
Dec 4, 2025;Dec 5, 2025;99089.11;44157.94;49987.97;138602.21;33752.74;2945.69;0;291459.53;145530.57;384221.24;32524.12;51569.95
Dec 5, 2025;Dec 6, 2025;105047.11;41190.38;38206.35;85179.39;25185.32;2952.55;0;309112.97;131050.28;384072.68;44599.08;52464.78
Dec 6, 2025;Dec 7, 2025;102443.52;32462.96;157856.13;547729.82;30824.4;2956.26;0;154982.96;57254.02;138924.74;7052.28;49853.65
Dec 7, 2025;Dec 8, 2025;102377.87;32137.81;107116.95;489964.54;29433.09;2865.55;0;147813.41;41928.68;140143.43;26748.42;48002.54
Dec 8, 2025;Dec 9, 2025;100356.05;41029.45;153766.49;699971.28;41080.11;2725.58;0;164802.99;67534.81;148170.07;12911.72;48913.03
Dec 9, 2025;Dec 10, 2025;103029.12;41832.6;138413.19;443102.14;58538.78;2791;0;183610.11;83598.15;196517.25;33059.81;46740.93
Dec 10, 2025;Dec 11, 2025;102404.23;40427.46;156717.41;554547.47;39742.96;2783.36;0;171841.12;101989.57;192785.65;27542.56;47816.55
Dec 11, 2025;Dec 12, 2025;101941.92;36960.92;157549.42;453370.5;50079.49;2867.46;0;201306.99;98043.24;255965.14;8919;46713.83
Dec 12, 2025;Dec 13, 2025;102003.59;37081.61;51578.14;145431.02;45947.57;2899.13;0;224253.94;119906.01;354364.25;46086.06;48394.83
Dec 13, 2025;Dec 14, 2025;104776.61;33808.68;92964.91;224872.39;22223.23;2948.59;0;178015.65;100440.35;302298.61;15284.31;46136.37
Dec 14, 2025;Dec 15, 2025;104357.37;31203.29;164165.62;371803.44;32298.88;2929.4;0;152837.26;73709.09;207356.32;6260.22;39896.29
Dec 15, 2025;Dec 16, 2025;104628.66;32176.74;136095.99;439736.84;64724.31;2893.38;0;164826.93;110671.11;237750.49;22379.85;38823.47
Dec 16, 2025;Dec 17, 2025;105663.44;37849.81;60295.19;289878.35;56399.81;2931.34;0;221598.59;143645.48;330971.4;45223.12;39144.48
Dec 17, 2025;Dec 18, 2025;105721.17;36442.16;45212.73;241750.69;52360.1;2840.53;0;220823.8;153960.06;372854.4;31032.02;36031.08
Dec 18, 2025;Dec 19, 2025;103361.74;32432.95;149184.95;647956.12;73349.38;2812.31;0;113094.19;65667.42;179585.6;17384.78;35699.84
Dec 19, 2025;Dec 20, 2025;104258.4;31813.6;137527.02;563923.23;31060.44;2851.71;0;137393.1;62605.5;203442.88;13055.98;46243
Dec 20, 2025;Dec 21, 2025;106033.03;29725.45;42990.59;132519.49;46739.05;2837.34;0;169757.94;78668.97;329015.56;34131.47;47621.19
Dec 21, 2025;Dec 22, 2025;103754.36;27877.07;99891.59;363111.6;55395.45;2808.13;0;138850.09;50148.44;228056.28;4308.61;47614.29
Dec 22, 2025;Dec 23, 2025;105130.73;29042.22;162746.19;511001.79;22601.21;2862.86;0;150381.81;56756.7;198284.22;31695.24;46344.13
Dec 23, 2025;Dec 24, 2025;105444.03;28881.12;175514.42;671891.06;16665.72;2859.22;0;129200.45;51352.99;185250.08;14930.57;46306.72
Dec 24, 2025;Dec 25, 2025;103204.93;26083.27;136097.26;709601.85;34617.73;2823.77;0;66408.37;42326.98;167769.08;13304.74;46454.47
Dec 25, 2025;Dec 26, 2025;103638.9;26270.55;75068.14;445343.3;80813.03;2828.7;0;106373.68;52274.81;187301.42;18034.08;45896.78
Dec 26, 2025;Dec 27, 2025;103070.22;24997.72;20631.23;240170.58;77619.35;2758.5;0;163609.57;57574.62;232651.09;24169.11;46347.28
Dec 27, 2025;Dec 28, 2025;103274.22;24595.42;115001.67;309925.3;73010.26;2734.81;0;156948.39;51236.84;224893.49;8045.42;45004.56
Dec 28, 2025;Dec 29, 2025;102973.34;24654.75;61192.36;234410.95;81037.05;2715.13;0;150221.84;61464.75;231171.83;17181.98;47558.55
Dec 29, 2025;Dec 30, 2025;103063.59;24418.73;164340.15;446118.32;48582.26;2715.69;0;176356.99;74284.68;223454.87;14756.24;46222.64
Dec 30, 2025;Dec 31, 2025;103784.88;26014.54;148793.33;396751.99;72754.78;2734.3;0;158299.77;58695.58;205462.78;32314.31;48612.35
Dec 31, 2025;Jan 1, 2026;103079.64;24432.38;141325;640200.45;43104.19;2797.86;0;128036.94;77415.91;199029.49;15188.5;47587.95
Jan 1, 2026;Jan 2, 2026;97653.89;25314.04;112435.71;981357.79;39353.03;2780.79;0;62873.31;104655.1;111339.02;20460.57;43151.94
