Date;Start;End;Biomass [MWh] Calculated resolutions;Hydropower [MWh] Calculated resolutions;Wind offshore [MWh] Calculated resolutions;Wind onshore [MWh] Calculated resolutions;Photovoltaics [MWh] Calculated resolutions;Other renewable [MWh] Calculated resolutions;Nuclear [MWh] Calculated resolutions;Lignite [MWh] Calculated resolutions;Hard coal [MWh] Calculated resolutions;Fossil gas [MWh] Calculated resolutions;Hydro pumped storage [MWh] Calculated resolutions;Other conventional [MWh] Calculated resolutions
Jul 16, 2023;12:00 AM;1:00 AM;4,326.5;1,536.5;5,848.25;13,296.5;0;103;0;4,676.5;1,261.5;3,002;858.25;1,434.25
Jul 16, 2023;1:00 AM;2:00 AM;4,274;1,544;5,753;15,027.5;0;103;0;4,632.25;1,107;3,468.25;210.25;1,429.5
Jul 16, 2023;2:00 AM;3:00 AM;4,224.5;1,610.25;6,047.5;16,078.25;0;103;0;4,591;836.5;3,827.25;20;1,433
Jul 16, 2023;3:00 AM;4:00 AM;4,154.75;1,588;5,580.5;18,085.25;0;103;0;4,638.5;829.5;3,806;57.75;1,428.5
Jul 16, 2023;4:00 AM;5:00 AM;4,120.5;1,633.25;5,244;18,768;1;103;0;4,642.75;856.25;3,806.5;35.25;1,431
Jul 16, 2023;5:00 AM;6:00 AM;4,090.75;1,669;4,512.25;17,878.5;111.25;103;0;4,567.75;1,068.25;3,373.5;286.5;1,437.25
Jul 16, 2023;6:00 AM;7:00 AM;4,102;1,640.5;3,346.25;18,270;1,419;103;0;4,485.75;1,221.75;3,271.75;462.25;1,419.5
Jul 16, 2023;7:00 AM;8:00 AM;4,137;1,616.25;3,809.25;18,657;5,038.25;103;0;4,502;1,361.25;3,250.5;479;1,414.75
Jul 16, 2023;8:00 AM;9:00 AM;4,193.75;1,686.5;3,601;19,380.25;11,023.75;103;0;4,444.5;1,435.25;2,804.25;479.25;1,404.25
Jul 16, 2023;9:00 AM;10:00 AM;4,233.5;1,610.5;1,821.25;20,931.5;18,067.75;103;0;4,164.75;1,249;2,202.5;729.5;1,395.25
Jul 16, 2023;10:00 AM;11:00 AM;4,273.75;1,629.25;2,101.5;19,812.25;24,426.75;103;0;3,909;1,006.75;2,207;605.75;1,402.5
Jul 16, 2023;11:00 AM;12:00 PM;4,281;1,690.75;2,208.5;18,689.75;28,837.75;103;0;3,730;897.75;2,138;487.75;1,384.75
Jul 16, 2023;12:00 PM;1:00 PM;4,257.25;1,445.5;1,825.5;18,468;31,121.25;103;0;3,668.25;885.5;2,124.25;246;1,219
Jul 16, 2023;1:00 PM;2:00 PM;4,163.75;1,356;1,746.5;16,370.75;31,490;103;0;3,668.25;871;2,095;57;1,195.5
Jul 16, 2023;2:00 PM;3:00 PM;4,105.75;1,352;1,712.75;14,105.75;30,563.25;103;0;3,661;907.75;2,141.75;132;1,193.5
Jul 16, 2023;3:00 PM;4:00 PM;4,077.25;1,356.25;2,012.25;14,663;28,293.75;103;0;3,656.25;1,095.75;2,045.25;129.25;1,187.75
Jul 16, 2023;4:00 PM;5:00 PM;4,081.5;1,471.75;2,107.5;16,637.75;24,240.5;103;0;3,745.5;1,316;2,168.5;553.5;1,234.5
Jul 16, 2023;5:00 PM;6:00 PM;4,077.75;1,609.75;1,629.75;17,392.25;18,423.5;103;0;4,281.75;1,733.5;3,039.75;937;1,396.75
Jul 16, 2023;6:00 PM;7:00 PM;4,099;1,722.25;2,916.5;15,488.75;11,693.25;103;0;4,833;2,160.75;4,041.5;1,061.25;1,420.25
Jul 16, 2023;7:00 PM;8:00 PM;4,135.25;1,744.75;2,646;11,671;5,535.75;103;0;5,387.75;2,158;4,607.75;1,549.5;1,423
Jul 16, 2023;8:00 PM;9:00 PM;4,176;1,776;3,494.25;7,914.75;1,514.75;103;0;6,314;2,251.5;4,842.75;1,913.25;1,434.5
Jul 16, 2023;9:00 PM;10:00 PM;4,223.5;1,677.25;4,882;6,427.5;69;103;0;6,576.25;2,161.5;5,309.25;2,607.5;1,431.25
Jul 16, 2023;10:00 PM;11:00 PM;4,248.75;1,700.5;5,126.75;5,762;0;103;0;6,537.5;1,974;5,118.25;2,748;1,430.75
Jul 16, 2023;11:00 PM;12:00 AM;4,256.25;1,649.75;5,077;6,186.25;0;103;0;6,273.5;1,928.5;5,087;1,905.25;1,431
Jul 17, 2023;12:00 AM;1:00 AM;4,242;1,571.25;5,058.25;7,185.75;0;103;0;5,727.75;1,816.25;4,721.25;737.25;1,434.75
Jul 17, 2023;1:00 AM;2:00 AM;4,246.5;1,739.5;5,048.75;7,750.25;0;103;0;5,673.5;1,877.25;4,582.25;489.25;1,443.75
Jul 17, 2023;2:00 AM;3:00 AM;4,215;1,762;4,653;8,086;0;103;0;5,631.5;1,867.5;4,487.25;661.75;1,447.5
Jul 17, 2023;3:00 AM;4:00 AM;4,168.5;1,746.75;4,708.75;8,899.5;0;103;0;5,507.25;1,885;4,572.5;201.25;1,441.5
Jul 17, 2023;4:00 AM;5:00 AM;4,130.5;1,743.5;4,576.5;9,866.25;1.25;103;0;5,616;1,911.75;4,769.75;173.75;1,443.25
Jul 17, 2023;5:00 AM;6:00 AM;4,097.25;1,849.25;4,584.5;10,580.25;156.25;103;0;6,105.25;2,138;5,355;527.5;1,427.25
Jul 17, 2023;6:00 AM;7:00 AM;4,094.25;1,889.25;4,791.25;11,093.5;1,885.75;103;0;6,253.5;2,172;5,739.25;2,573.75;1,446
Jul 17, 2023;7:00 AM;8:00 AM;4,135;1,723.5;4,522.5;10,196.5;6,155.75;103;0;6,158.5;2,280.25;5,460.25;3,135.5;1,422
Jul 17, 2023;8:00 AM;9:00 AM;4,181.5;1,749.75;3,954.25;10,780.5;13,067.75;103;0;6,033.25;2,521.5;5,540.25;2,431.75;1,412.25
Jul 17, 2023;9:00 AM;10:00 AM;4,221.75;1,788.25;2,941.5;12,928.5;21,139.25;103;0;4,882.5;2,777.25;4,587.75;833.5;1,422.75
Jul 17, 2023;10:00 AM;11:00 AM;4,258.75;1,843.5;1,693.25;15,306.5;28,022.5;103;0;4,747.75;3,223.5;3,938;444.25;1,401.75
Jul 17, 2023;11:00 AM;12:00 PM;4,251.5;1,848.75;1,462.75;18,248.75;30,768.5;103;0;5,003;3,584.25;3,744.5;412.5;1,392.25
Jul 17, 2023;12:00 PM;1:00 PM;4,227.75;1,788.75;912.25;18,811.75;31,646.5;103;0;4,990.5;3,777.5;3,613.75;171.75;1,385
Jul 17, 2023;1:00 PM;2:00 PM;4,172.75;1,786.5;1,571.75;19,177.75;30,767.75;103;0;4,983.5;4,009.5;3,582;147;1,395.75
Jul 17, 2023;2:00 PM;3:00 PM;4,124;1,771.75;1,442.75;19,859.25;29,118;103;0;4,981.5;3,995;3,572.75;130;1,397
Jul 17, 2023;3:00 PM;4:00 PM;4,103.25;1,805.75;1,823;19,635.75;26,799;103;0;4,819.5;3,498;3,564.25;173.75;1,421.5
Jul 17, 2023;4:00 PM;5:00 PM;4,105;1,828;1,785;19,798;22,502.75;103;0;4,708.75;3,061;3,704.25;235.25;1,419.5
Jul 17, 2023;5:00 PM;6:00 PM;4,105.75;1,839.25;2,886.75;19,404.75;16,462.75;103;0;5,148.75;2,802.25;4,304.5;552.25;1,412.75
Jul 17, 2023;6:00 PM;7:00 PM;4,136;1,838;3,925;18,288;10,209.5;103;0;6,193.25;2,787.5;5,510;1,319.5;1,412.5
Jul 17, 2023;7:00 PM;8:00 PM;4,179;1,859.5;4,774.5;15,789.5;5,087;103;0;7,415.75;2,732.75;6,561;1,282;1,418.25
Jul 17, 2023;8:00 PM;9:00 PM;4,215.5;1,878.75;4,964.75;13,006.75;1,527.75;103;0;7,614.75;2,678;7,294;1,904.5;1,422
Jul 17, 2023;9:00 PM;10:00 PM;4,261;1,811;3,792.25;11,376.75;80.5;103;0;7,656;2,161.75;7,201.75;2,800.75;1,434.5
Jul 17, 2023;10:00 PM;11:00 PM;4,297;1,796.75;3,991.75;10,452;0;103;0;7,651;1,530.75;7,237.25;2,385.25;1,442.25
Jul 17, 2023;11:00 PM;12:00 AM;4,324.25;1,717.5;3,759;10,576.5;0;103;0;7,572.75;1,487;7,069.75;1,185.75;1,443.75
Jul 18, 2023;12:00 AM;1:00 AM;4,308.75;1,732.75;4,150.75;9,706.5;0;103;0;7,305.75;1,266.75;6,388.25;496.5;1,407.25
Jul 18, 2023;1:00 AM;2:00 AM;4,320.5;1,696;3,830;9,090.25;0;103;0;7,019.5;1,129.5;5,822;514.25;1,411.5
Jul 18, 2023;2:00 AM;3:00 AM;4,293;1,630.5;3,116.75;8,813;0;103;0;6,837;1,186;5,866.75;408.5;1,402.5
Jul 18, 2023;3:00 AM;4:00 AM;4,207.25;1,605.5;2,828.5;8,490.25;0;103;0;6,900.5;1,407.25;5,884.5;218.25;1,405.5
Jul 18, 2023;4:00 AM;5:00 AM;4,155;1,699.75;2,462.75;7,974.75;1.5;103;0;6,844.5;1,477.25;6,097.25;158.75;1,409
Jul 18, 2023;5:00 AM;6:00 AM;4,126.5;1,717;2,320.5;7,539.25;204.75;103;0;7,161.25;1,844;6,754.75;267.75;1,399.75
Jul 18, 2023;6:00 AM;7:00 AM;4,134.5;1,731.5;1,983.25;6,526.75;2,433;103;0;7,546.75;2,307.75;7,295.5;1,240;1,388.75
Jul 18, 2023;7:00 AM;8:00 AM;4,166;1,831.25;1,750.25;4,726.25;8,025.5;103;0;7,822.5;2,480.75;7,321.75;2,091.75;1,408.5
Jul 18, 2023;8:00 AM;9:00 AM;4,215.75;1,927.75;1,769;3,047;16,108.75;103;0;7,728;2,612;6,854.5;1,561.75;1,413.5
Jul 18, 2023;9:00 AM;10:00 AM;4,248;1,871.75;1,880.75;3,163.25;24,499;103;0;7,513.75;2,480.75;6,097.75;773;1,444.25
Jul 18, 2023;10:00 AM;11:00 AM;4,278.75;1,824.25;1,777.75;4,040;31,143;103;0;7,282.5;2,295;4,532.25;106.75;1,416
Jul 18, 2023;11:00 AM;12:00 PM;4,333;1,745.25;1,479.25;4,436.25;34,696.25;103;0;7,112;2,357.25;4,183.75;250;1,418
Jul 18, 2023;12:00 PM;1:00 PM;4,347;1,787.25;1,396.25;4,739.25;33,446.25;103;0;7,214.75;2,229.5;4,412.25;388;1,415
Jul 18, 2023;1:00 PM;2:00 PM;4,314.5;1,747.75;1,380.75;4,844.25;30,148.25;103;0;7,448;2,285.75;4,641;657.5;1,418.5
Jul 18, 2023;2:00 PM;3:00 PM;4,245;1,627.5;1,203.75;4,934.25;27,029;103;0;7,802.25;2,725;4,825.75;267.75;1,404
Jul 18, 2023;3:00 PM;4:00 PM;4,166.5;1,711.75;1,475;4,548.75;24,506.75;103;0;7,805.75;3,045.5;5,235.75;218.25;1,414.75
Jul 18, 2023;4:00 PM;5:00 PM;4,154.5;1,723;1,202;3,655.75;23,104.25;103;0;7,720.75;3,450;6,235.75;262;1,419.25
Jul 18, 2023;5:00 PM;6:00 PM;4,134.25;1,912;1,019.5;2,652;19,587.25;103;0;8,497;3,925.75;7,646.75;419;1,406.75
Jul 18, 2023;6:00 PM;7:00 PM;4,168.25;1,932.5;842.75;2,115.75;12,475;103;0;9,237;4,776.5;8,970.5;1,446;1,381.25
Jul 18, 2023;7:00 PM;8:00 PM;4,205;1,880.25;636.75;1,518.5;5,468.5;103;0;9,770.25;5,476;10,008;3,138.25;1,384.5
Jul 18, 2023;8:00 PM;9:00 PM;4,236;2,058;568.75;1,213;1,423;103;0;9,811.75;5,557.5;10,271.25;4,057;1,410.75
Jul 18, 2023;9:00 PM;10:00 PM;4,276;2,033.25;614.5;1,143.25;67.5;103;0;9,831.5;5,521.5;10,480;3,806.25;1,395
Jul 18, 2023;10:00 PM;11:00 PM;4,312.5;1,965;534.25;1,059.75;0.25;103;0;9,827.25;5,350.5;10,641;2,508.75;1,401.25
Jul 18, 2023;11:00 PM;12:00 AM;4,339.25;1,962.25;450.5;875.75;0;103;0;9,775.5;5,088.5;10,219.5;2,186.25;1,398.75
Jul 19, 2023;12:00 AM;1:00 AM;4,333.25;1,850.5;374.25;834.5;0;103;0;9,516.5;4,214.25;8,805.5;1,249.5;1,250.5
Jul 19, 2023;1:00 AM;2:00 AM;4,336.25;1,803.5;197;811.5;0;103;0;9,389;3,510.5;8,399.75;329;1,251.5
Jul 19, 2023;2:00 AM;3:00 AM;4,302.75;1,809.75;156.5;772.75;0;103;0;9,184.75;3,506.75;8,150;131.25;1,252.25
Jul 19, 2023;3:00 AM;4:00 AM;4,189.75;1,827.5;197.75;738.75;0;103;0;9,095.75;3,527;8,108;187.25;1,246.5
Jul 19, 2023;4:00 AM;5:00 AM;4,153.75;1,809;216.75;956.5;0.75;103;0;9,409.5;3,594.75;8,132.25;197.25;1,249
Jul 19, 2023;5:00 AM;6:00 AM;4,113.5;1,844.25;215.5;1,722.75;135.75;103;0;9,403.5;3,743;8,533.75;245.25;1,252
Jul 19, 2023;6:00 AM;7:00 AM;4,099.75;1,988;190.25;2,931.75;1,932.25;103;0;9,381.5;4,043.75;9,755.25;1,034;1,250.25
Jul 19, 2023;7:00 AM;8:00 AM;4,118.5;1,989;309;3,135.25;6,071.5;103;0;8,864.5;4,239.5;10,345.5;1,921.5;1,256.25
Jul 19, 2023;8:00 AM;9:00 AM;4,158.5;2,018.5;311.25;2,187.25;12,054.5;103;0;9,132.5;4,247.75;10,288.5;1,362;1,304.5
Jul 19, 2023;9:00 AM;10:00 AM;4,199;2,067.25;313.5;1,697.25;19,046;103;0;8,889.5;3,703.5;9,890.25;821.5;1,300.25
Jul 19, 2023;10:00 AM;11:00 AM;4,276.75;2,053.25;446.75;2,964.75;24,741.75;103;0;8,069;2,711;7,878.5;381.25;1,291.25
Jul 19, 2023;11:00 AM;12:00 PM;4,320.25;2,046.75;225.5;4,628.5;27,786.75;103;0;7,530.75;2,223.25;6,042;354;1,285.5
Jul 19, 2023;12:00 PM;1:00 PM;4,303.5;1,918;247.75;6,323.5;28,164.75;103;0;7,259.25;2,154.75;5,936.5;251.75;1,276
Jul 19, 2023;1:00 PM;2:00 PM;4,265.5;1,909.75;176;8,125;27,148.75;103;0;7,143.75;2,301;5,579.25;393;1,280.25
Jul 19, 2023;2:00 PM;3:00 PM;4,195.5;1,898;161.25;9,235.75;25,343.25;103;0;7,150;2,341;5,714;321;1,270.5
Jul 19, 2023;3:00 PM;4:00 PM;4,137.5;1,914;292.5;9,663.25;22,570.5;103;0;7,317.5;2,380.5;5,696.75;267.5;1,289.5
Jul 19, 2023;4:00 PM;5:00 PM;4,110.5;1,977.75;507.25;9,909.75;19,314.5;103;0;7,207.5;2,360.5;6,074.75;341.5;1,295.5
Jul 19, 2023;5:00 PM;6:00 PM;4,103.5;2,094.75;722.75;9,537;14,303;103;0;7,209.25;2,557;7,416.25;749.5;1,296
Jul 19, 2023;6:00 PM;7:00 PM;4,130;2,011;730;8,770.5;8,926;103;0;8,264.25;3,199.5;9,418;756.5;1,302.25
Jul 19, 2023;7:00 PM;8:00 PM;4,156;2,079.75;925.25;7,934.75;4,238.5;103;0;9,026.75;3,865.5;9,802;1,748;1,304.25
Jul 19, 2023;8:00 PM;9:00 PM;4,177.5;2,147.25;903;6,717.5;1,152.25;103;0;9,075.75;4,090.5;9,909.5;2,073.75;1,287.25
Jul 19, 2023;9:00 PM;10:00 PM;4,236;2,075;1,224;5,638.5;47.25;103;0;9,007.25;4,028.5;10,061.5;2,460;1,287
Jul 19, 2023;10:00 PM;11:00 PM;4,285.5;2,092.5;1,427.5;4,871.5;0;103;0;8,479.25;3,747.75;9,974.75;3,187;1,295
Jul 19, 2023;11:00 PM;12:00 AM;4,307.75;2,049.5;1,553.25;4,270.75;0;103;0;8,462.25;3,176.25;9,836.25;1,454.5;1,312
Jul 20, 2023;12:00 AM;1:00 AM;4,286.25;2,008;1,782;4,338.25;0;103;0;8,167.25;2,745.5;8,754;537.25;1,337.5
Jul 20, 2023;1:00 AM;2:00 AM;4,237.5;1,876.5;2,102.5;4,533.75;0;103;0;7,465.5;2,170;7,446.75;81;1,341.25
Jul 20, 2023;2:00 AM;3:00 AM;4,194.25;1,984.25;2,551.75;4,738.75;0;103;0;7,456.75;1,877;7,158.25;29.75;1,338.75
Jul 20, 2023;3:00 AM;4:00 AM;4,130;1,845.5;3,010.75;5,349;0;103;0;7,440.5;1,893.25;7,124;10.75;1,336.75
Jul 20, 2023;4:00 AM;5:00 AM;4,092.75;1,902.5;3,394.25;5,434.25;0.75;103;0;7,426;1,854.75;6,881.5;15.75;1,337.75
Jul 20, 2023;5:00 AM;6:00 AM;4,068.25;1,924.75;3,788.5;5,706.25;121.5;103;0;7,613.5;1,968.5;7,175.5;280.75;1,346.75
Jul 20, 2023;6:00 AM;7:00 AM;4,071.5;2,031;3,850.25;5,566.5;1,775;103;0;8,105.75;2,655.75;7,825.25;795.25;1,340.5
Jul 20, 2023;7:00 AM;8:00 AM;4,091;2,163.75;3,654;4,597;5,743.5;103;0;8,221.75;2,893.75;8,030.25;1,700.25;1,341.75
Jul 20, 2023;8:00 AM;9:00 AM;4,138.75;2,090;3,588.25;4,443.5;11,966;103;0;8,403.5;2,788.5;7,958;1,748.5;1,340
Jul 20, 2023;9:00 AM;10:00 AM;4,204.75;2,016.75;3,055.5;5,869.5;18,966.75;103;0;8,213.5;2,578;7,040.25;1,099;1,331.5
Jul 20, 2023;10:00 AM;11:00 AM;4,260.75;2,030.75;2,641;6,994.25;24,692;103;0;7,422.75;2,460;5,755.25;798.25;1,325
Jul 20, 2023;11:00 AM;12:00 PM;4,315.75;1,920.75;2,433.25;8,535.5;28,485.5;103;0;7,168;2,474.25;5,254.75;395.75;1,310
Jul 20, 2023;12:00 PM;1:00 PM;4,314.25;2,041.5;2,663.5;9,215.75;29,695;103;0;6,445;2,277.75;4,664.25;75.75;1,310
Jul 20, 2023;1:00 PM;2:00 PM;4,295.5;1,846.5;2,459.75;9,731.25;30,037.25;103;0;6,376.5;2,227.75;4,927.25;338;1,354.5
Jul 20, 2023;2:00 PM;3:00 PM;4,225.25;1,883.5;2,064.5;10,234.5;29,168.5;103;0;6,315;2,463.5;4,520.25;103.5;1,397.25
Jul 20, 2023;3:00 PM;4:00 PM;4,157.5;1,900.75;1,857.25;9,851;26,709.25;103;0;6,475.5;2,664.75;4,960.75;122.5;1,500.75
Jul 20, 2023;4:00 PM;5:00 PM;4,103.75;1,847.5;1,930.75;9,126;23,202.75;103;0;6,867.5;2,708.75;4,538.75;130.75;1,526.5
Jul 20, 2023;5:00 PM;6:00 PM;4,078;1,957;2,153.75;8,255.5;18,128.75;103;0;7,384;3,135.5;6,542;318;1,420
Jul 20, 2023;6:00 PM;7:00 PM;4,076.75;1,973.5;1,975.5;7,040;11,491.25;103;0;8,670;3,497;9,180.25;1,109.25;1,344.75
Jul 20, 2023;7:00 PM;8:00 PM;4,093.25;2,036;1,614.25;4,866.75;5,286.25;103;0;9,026.5;3,867.5;10,104.25;2,183.25;1,351
Jul 20, 2023;8:00 PM;9:00 PM;4,150.25;2,104;1,816.5;2,945.75;1,346.25;103;0;9,143;3,851.75;10,827.75;3,652.5;1,121.75
Jul 20, 2023;9:00 PM;10:00 PM;4,219;2,029.5;1,673.5;2,245.75;43.75;103;0;9,116;3,841;11,024.5;4,036.5;1,128.5
Jul 20, 2023;10:00 PM;11:00 PM;4,262.5;1,996.25;1,533;2,077.75;0;103;0;8,618.25;3,743.25;10,697.75;3,122.5;1,317.5
Jul 20, 2023;11:00 PM;12:00 AM;4,291.5;1,989.25;1,422.25;1,873.5;0;103;0;8,630.5;3,548.25;9,437.5;1,336.5;1,351
Jul 21, 2023;12:00 AM;1:00 AM;4,265;1,979.25;1,650;1,793.25;0;103;0;8,364;3,321.25;9,232.75;687.75;1,363.25
Jul 21, 2023;1:00 AM;2:00 AM;4,225;1,924.75;1,317.75;1,725.5;0;103;0;7,701.75;2,680.25;8,986.5;486;1,369.25
Jul 21, 2023;2:00 AM;3:00 AM;4,181;1,865.25;1,146.25;1,720;0;103;0;7,462.5;2,353.75;8,823.75;289;1,379
Jul 21, 2023;3:00 AM;4:00 AM;4,130.75;1,816.5;1,054.75;1,870.5;0;103;0;7,300.5;2,280.25;8,743.75;137.75;1,376.75
Jul 21, 2023;4:00 AM;5:00 AM;4,101.75;1,852.25;1,009.25;1,808.5;0.5;103;0;7,728.5;2,406.25;8,756.5;145.75;1,382.5
Jul 21, 2023;5:00 AM;6:00 AM;4,070.75;1,816;821.75;1,541;124;103;0;7,948;2,633.25;8,984;848;1,391.25
Jul 21, 2023;6:00 AM;7:00 AM;4,088.5;1,912.25;638.75;1,566.25;1,682.5;103;0;8,232.5;3,157;9,780.25;2,096;1,110
Jul 21, 2023;7:00 AM;8:00 AM;4,120.75;1,942;503.5;1,524.75;5,333.5;103;0;8,313.5;3,113;9,846.75;3,472.75;1,096
Jul 21, 2023;8:00 AM;9:00 AM;4,187;1,894.5;443;1,112;10,130.5;103;0;8,613.25;2,924;9,796;2,063.5;1,094.25
Jul 21, 2023;9:00 AM;10:00 AM;4,208;1,881;349.25;1,024.25;15,345.5;103;0;8,556.25;2,631;9,569.25;1,123.25;1,103
Jul 21, 2023;10:00 AM;11:00 AM;4,290.75;1,885;301;1,020.75;19,168;103;0;8,325.25;2,204.25;8,882.5;849.75;1,106.75
Jul 21, 2023;11:00 AM;12:00 PM;4,357.25;1,800.75;376;1,196.5;21,913.25;103;0;7,930.25;2,009.25;7,483;270.5;1,155
Jul 21, 2023;12:00 PM;1:00 PM;4,344;1,768.5;499.75;1,661.25;23,489.25;103;0;7,549.75;2,165;6,857;134.25;1,371.5
Jul 21, 2023;1:00 PM;2:00 PM;4,287.5;1,900.25;960.5;2,382.5;21,507.75;103;0;7,656.25;2,041;6,672.25;551.5;1,393.75
Jul 21, 2023;2:00 PM;3:00 PM;4,242.75;1,941.75;596;3,888.75;19,659.75;103;0;7,480.25;2,054;6,573.25;520;1,383.5
Jul 21, 2023;3:00 PM;4:00 PM;4,189.75;1,877;572;5,002;17,665;103;0;7,468;2,124.75;6,477.5;407;1,379.5
Jul 21, 2023;4:00 PM;5:00 PM;4,160.75;1,898.5;824.25;6,357;14,228.75;103;0;7,575.5;2,075.5;6,493.75;341;1,378.5
Jul 21, 2023;5:00 PM;6:00 PM;4,157.25;1,952.25;579.75;7,245.25;10,926.25;103;0;7,911.75;2,465.25;6,989;347.5;1,395.75
Jul 21, 2023;6:00 PM;7:00 PM;4,185.5;1,883;756.75;6,498.5;7,110.75;103;0;8,252.75;3,180;8,325.25;977;1,394.75
Jul 21, 2023;7:00 PM;8:00 PM;4,239.25;1,908.5;1,191.25;5,492.25;3,658.25;103;0;8,376.25;3,194.5;8,865.5;1,791.25;1,389.5
Jul 21, 2023;8:00 PM;9:00 PM;4,282.75;1,941;1,385.25;4,647.25;1,118.25;103;0;8,485.25;3,234.25;9,017;2,846.25;1,388
Jul 21, 2023;9:00 PM;10:00 PM;4,330.25;1,923.75;1,370.75;4,539;42.5;103;0;8,358.75;3,215;8,909.5;2,726.5;1,384.75
Jul 21, 2023;10:00 PM;11:00 PM;4,323.25;1,891.25;1,589.25;6,154;0;103;0;7,922.75;3,182.5;8,566.25;1,760.75;1,389.5
Jul 21, 2023;11:00 PM;12:00 AM;4,354.75;1,882;1,744.25;7,976.5;0;103;0;7,518.5;2,744.75;7,711.25;728.25;1,399.5
Jul 22, 2023;12:00 AM;1:00 AM;4,361.5;1,827;1,800.5;9,208.5;0;103;0;6,914.25;2,078.25;5,579.5;511;1,410.25
Jul 22, 2023;1:00 AM;2:00 AM;4,299.75;1,812;2,219.25;10,158.5;0;103;0;6,113.5;1,583.75;3,994.75;334.75;1,395.75
Jul 22, 2023;2:00 AM;3:00 AM;4,246;1,826.5;2,505.75;10,131.25;0;103;0;5,657.5;1,488.25;3,418;762.75;1,388.5
Jul 22, 2023;3:00 AM;4:00 AM;4,170.75;1,778.5;2,391.5;9,827.75;0;103;0;5,439;1,482;3,571.75;386;1,372.5
Jul 22, 2023;4:00 AM;5:00 AM;4,133;1,735.75;2,547;9,645.25;0.5;103;0;5,143.5;1,568.5;3,613.25;323.5;1,365.25
Jul 22, 2023;5:00 AM;6:00 AM;4,097.75;1,734.75;2,126;9,780.25;128;103;0;4,771.75;1,727.5;3,379.5;320.5;1,375
Jul 22, 2023;6:00 AM;7:00 AM;4,110.5;1,766.25;1,339;9,098.75;2,039.75;103;0;4,532.5;1,952.25;3,294.5;412.5;1,378
Jul 22, 2023;7:00 AM;8:00 AM;4,155.5;1,831.75;1,289.75;7,489.5;6,777.25;103;0;4,390.25;2,012;3,321.25;490.75;1,385.5
Jul 22, 2023;8:00 AM;9:00 AM;4,200.75;1,885;831;6,495.25;13,441.5;103;0;4,406.5;2,143;3,712;716.25;1,385
Jul 22, 2023;9:00 AM;10:00 AM;4,271.25;1,826.75;721;6,985;20,558.5;103;0;4,472.5;2,360;3,689;502.25;1,387.75
Jul 22, 2023;10:00 AM;11:00 AM;4,320.25;1,807.5;410;7,865.5;25,940;103;0;4,393.25;2,354.5;3,458.75;52.25;1,380
Jul 22, 2023;11:00 AM;12:00 PM;4,359.75;1,931.25;715;9,059.75;27,758.5;103;0;4,388.75;2,303.75;3,234;82;1,378.25
Jul 22, 2023;12:00 PM;1:00 PM;4,378.5;1,827;622.25;10,032;27,719.25;103;0;4,388.75;2,089.75;2,769.5;72;1,377.25
Jul 22, 2023;1:00 PM;2:00 PM;4,330.25;1,785.25;575.5;9,817.75;27,802.25;103;0;4,389;2,015.5;2,469.5;143;1,377.75
Jul 22, 2023;2:00 PM;3:00 PM;4,274.5;1,710;1,066;10,006.5;26,711.25;103;0;4,361.75;1,402.5;2,259.25;16.75;1,371.75
Jul 22, 2023;3:00 PM;4:00 PM;4,200.5;1,706.5;1,251.75;9,962.25;24,627.25;103;0;4,363.25;1,227.25;2,138.5;6.25;1,378.5
Jul 22, 2023;4:00 PM;5:00 PM;4,177.25;1,725.25;1,434.25;9,416;20,813.25;103;0;4,378.25;1,201.25;2,190;62;1,378.75
Jul 22, 2023;5:00 PM;6:00 PM;4,165.5;1,740.5;1,603.5;9,364;15,644.5;103;0;4,345;1,212.75;2,516;434.25;1,379.75
Jul 22, 2023;6:00 PM;7:00 PM;4,191.25;1,734;1,928;8,381;9,808.25;103;0;4,584;1,227.75;2,728.25;1,101;1,379
Jul 22, 2023;7:00 PM;8:00 PM;4,234.5;1,694.75;2,129.75;6,669.5;4,403.5;103;0;5,280.75;1,231;2,893.25;2,437.75;1,378
Jul 22, 2023;8:00 PM;9:00 PM;4,274.25;1,693.25;2,527.25;4,628;1,042.25;103;0;5,264.75;1,264.5;3,078.75;4,313;1,385
Jul 22, 2023;9:00 PM;10:00 PM;4,340.75;1,649.5;3,082.75;3,804;14;103;0;5,326.75;1,263;3,264.5;4,246.5;1,391.25
Jul 22, 2023;10:00 PM;11:00 PM;4,390.5;1,603;3,449.25;4,520.25;0;103;0;5,012.25;1,258.75;3,442.5;3,800.75;1,462.75
Jul 22, 2023;11:00 PM;12:00 AM;4,419.25;1,668.25;4,043;6,179.25;0;103;0;4,478.25;1,128.75;3,788;1,825;1,461.25
Jul 23, 2023;12:00 AM;1:00 AM;4,383.5;1,631.5;4,085.5;7,924.75;0;103;0;4,155.5;1,099.75;4,264;1,668.75;1,390
Jul 23, 2023;1:00 AM;2:00 AM;4,336;1,603.75;4,627.75;9,440.25;0;103;0;3,791.25;1,089.5;4,069;753.5;1,380.75
Jul 23, 2023;2:00 AM;3:00 AM;4,293.25;1,574.75;5,127;10,647.75;0;103;0;3,660.25;1,082.25;3,896.75;580.25;1,478.75
Jul 23, 2023;3:00 AM;4:00 AM;4,221.5;1,580.5;4,703.5;11,976.25;0;103;0;3,661.75;1,079.75;3,436.5;148.5;1,473.5
Jul 23, 2023;4:00 AM;5:00 AM;4,196;1,571.75;4,745.75;13,279.75;0;103;0;3,669;1,078.25;3,031.75;634;1,469.25
Jul 23, 2023;5:00 AM;6:00 AM;4,166.75;1,542.5;4,930;14,112;73.75;103;0;3,673.25;1,079.75;2,263.25;910;1,470
Jul 23, 2023;6:00 AM;7:00 AM;4,155;1,522.75;5,363.75;14,887;1,582;103;0;3,644.75;1,073.5;2,189.5;229.25;1,485.75
Jul 23, 2023;7:00 AM;8:00 AM;4,176;1,497.25;5,367.5;14,340.5;5,497.5;103;0;3,631.75;1,089;2,153;14.75;1,479.5
Jul 23, 2023;8:00 AM;9:00 AM;4,164.75;1,542.25;5,128.25;14,465.25;11,413;103;0;3,625.5;1,111;2,182;212.75;1,476
Jul 23, 2023;9:00 AM;10:00 AM;4,288.5;1,569;5,365;15,126.5;17,762.5;103;0;3,623;1,119.75;2,151.5;54.25;1,473
Jul 23, 2023;10:00 AM;11:00 AM;4,320.75;1,602.5;5,044.75;16,412.5;22,061;103;0;3,622.75;1,166.75;2,191;0;1,459.75
Jul 23, 2023;11:00 AM;12:00 PM;4,331.75;1,612;3,354.75;19,644.75;24,641.75;103;0;3,634.25;1,174.75;2,183;0.25;1,457.75
Jul 23, 2023;12:00 PM;1:00 PM;4,308;1,669.5;2,877.25;21,366.75;25,373;103;0;3,640.5;1,166.5;2,176.75;4.5;1,445
Jul 23, 2023;1:00 PM;2:00 PM;4,280.75;1,666.25;2,246;21,310;23,400.75;103;0;3,651;1,165;2,158;0;1,443.5
Jul 23, 2023;2:00 PM;3:00 PM;4,245.25;1,661.25;2,003.75;20,738.5;20,180;103;0;3,654.5;1,169;2,146.75;42.25;1,439
Jul 23, 2023;3:00 PM;4:00 PM;4,205.5;1,644;2,335.75;23,966;16,838.5;103;0;3,646.5;1,224.5;2,168.75;56.25;1,440.25
Jul 23, 2023;4:00 PM;5:00 PM;4,186.75;1,618;3,523.5;25,014.5;12,881.25;103;0;3,677;1,983;2,260;151.5;1,442
Jul 23, 2023;5:00 PM;6:00 PM;4,184;1,616.25;4,240;26,054.75;9,621.25;103;0;3,688.5;2,463.75;2,442;149.25;1,439.75
Jul 23, 2023;6:00 PM;7:00 PM;4,218.75;1,539;3,757.5;24,883.5;6,646;103;0;3,949.25;2,900.5;2,835;516.25;1,433.25
Jul 23, 2023;7:00 PM;8:00 PM;4,264;1,516.75;3,334.75;20,428.25;3,349;103;0;4,212.75;3,023.5;3,283.25;1,337.5;1,437
Jul 23, 2023;8:00 PM;9:00 PM;4,306.5;1,487.25;4,047.5;16,344.75;876.75;103;0;4,750;2,993.75;3,559.75;1,757.5;1,437.5
Jul 23, 2023;9:00 PM;10:00 PM;4,324.5;1,466.5;4,119.25;15,430.75;18;103;0;4,998.5;2,944;3,741.25;1,358.5;1,446.5
Jul 23, 2023;10:00 PM;11:00 PM;4,339.25;1,455.25;3,730.5;15,413.5;0;103;0;5,017;2,824.25;3,735.75;1,517;1,454.5
Jul 23, 2023;11:00 PM;12:00 AM;4,381.75;1,385.75;4,001.5;15,514;0;103;0;4,946.5;2,782;3,746.75;703.75;1,455.75
Jul 24, 2023;12:00 AM;1:00 AM;4,370.75;1,390.5;4,361;15,993.5;0;103;0;4,471;2,587.75;3,841.5;448.75;1,455.5
Jul 24, 2023;1:00 AM;2:00 AM;4,325;1,368.75;3,258;16,993.75;0;103;0;4,571.5;2,784;3,547.25;114.75;1,453.25
Jul 24, 2023;2:00 AM;3:00 AM;4,283.75;1,385.5;2,190.25;17,038;0;103;0;4,531.25;2,772;3,389.25;223.25;1,453.5
Jul 24, 2023;3:00 AM;4:00 AM;4,236.25;1,401.25;1,393;16,388.25;0;103;0;4,791.75;2,877.75;3,053.5;298.5;1,449.5
Jul 24, 2023;4:00 AM;5:00 AM;4,199.5;1,405.5;1,061.25;15,813.5;0.25;103;0;5,068;2,825;3,243;253.75;1,448.5
Jul 24, 2023;5:00 AM;6:00 AM;4,180.75;1,417.25;1,215.75;13,903.25;87.5;103;0;5,276.75;2,808.25;4,486.75;786.75;1,447
Jul 24, 2023;6:00 AM;7:00 AM;4,191;1,508.75;1,111;12,594;1,460.25;103;0;5,590.25;2,630.75;5,644.25;1,631.25;1,448
Jul 24, 2023;7:00 AM;8:00 AM;4,226.5;1,634.75;1,124.5;11,300.5;4,802;103;0;6,032.25;2,228;6,121;4,198.25;1,439
Jul 24, 2023;8:00 AM;9:00 AM;4,254.5;1,564.75;1,002.5;10,908.5;9,411.75;103;0;6,646;2,145.5;6,190;3,122.75;1,435.25
Jul 24, 2023;9:00 AM;10:00 AM;4,278;1,509.75;958.5;11,541.5;12,986.5;103;0;6,223;2,209.75;6,290.5;2,545.25;1,419.25
Jul 24, 2023;10:00 AM;11:00 AM;4,282;1,512.5;1,082.25;12,724.5;15,067.75;103;0;5,632;2,214.25;6,365.25;1,307.75;1,525.5
Jul 24, 2023;11:00 AM;12:00 PM;4,284.75;1,517.75;936;14,404.25;18,399.5;103;0;5,332.25;2,117.5;5,066.75;681.75;1,576.75
Jul 24, 2023;12:00 PM;1:00 PM;4,269.75;1,618;846.25;15,997.75;19,384.5;103;0;4,875.75;2,145.25;4,480.75;276.75;1,499.75
Jul 24, 2023;1:00 PM;2:00 PM;4,240.75;1,648.25;1,153;16,843.25;19,034.25;103;0;4,749.75;2,453.25;4,491;255.5;1,473.5
Jul 24, 2023;2:00 PM;3:00 PM;4,197.75;1,579;1,659.75;17,010.5;19,179;103;0;4,875.5;2,402.25;4,431.25;55.75;1,614.5
Jul 24, 2023;3:00 PM;4:00 PM;4,157.5;1,644.75;1,866.5;16,354.5;19,188;103;0;4,990.5;2,269;4,205.75;83.5;1,717.25
Jul 24, 2023;4:00 PM;5:00 PM;4,163.75;1,743.75;2,108;15,870;17,024.5;103;0;5,177.75;2,289.75;4,134.5;480.25;1,538.25
Jul 24, 2023;5:00 PM;6:00 PM;4,163.75;1,800;2,329.25;15,431;11,864.25;103;0;5,226.5;2,241.75;4,675.75;957.75;1,442.25
Jul 24, 2023;6:00 PM;7:00 PM;4,197.5;1,702;2,644.5;15,745.25;7,140.5;103;0;6,155;1,901.5;5,674.25;1,329.75;1,435.5
Jul 24, 2023;7:00 PM;8:00 PM;4,228;1,765.5;3,439;14,712.75;3,570.25;103;0;6,538.25;1,762;6,108.75;1,778.5;1,442.75
Jul 24, 2023;8:00 PM;9:00 PM;4,274.5;1,689.5;3,639.75;13,986.75;1,004.25;103;0;6,902.75;1,601;6,444.75;2,336.5;1,444.75
Jul 24, 2023;9:00 PM;10:00 PM;4,324.25;1,744.5;3,950.75;12,627.75;23.75;103;0;7,054.25;1,498;6,520;2,710.5;1,441.5
Jul 24, 2023;10:00 PM;11:00 PM;4,349;1,741.5;3,875.75;10,620.25;0;103;0;6,956;1,414.5;6,849.75;2,507.25;1,444.5
Jul 24, 2023;11:00 PM;12:00 AM;4,370;1,709.25;3,371.5;11,129.5;0;103;0;6,696.75;1,365.75;6,410.25;1,196.25;1,447.75
Jul 25, 2023;12:00 AM;1:00 AM;4,344.5;1,683;2,610.25;11,434.25;0;103;0;6,331;1,291.25;4,763.25;724.25;1,442.5
Jul 25, 2023;1:00 AM;2:00 AM;4,309.75;1,652.5;2,844.75;10,733.75;0;103;0;6,325;1,281;4,130;465.75;1,444.25
Jul 25, 2023;2:00 AM;3:00 AM;4,276.5;1,680;3,700.5;9,498.5;0;103;0;6,075.75;1,279;4,155;110.75;1,428.5
Jul 25, 2023;3:00 AM;4:00 AM;4,210.5;1,702.25;3,742;8,314;0;103;0;5,695.75;1,283.5;4,002.5;43.5;1,430.25
Jul 25, 2023;4:00 AM;5:00 AM;4,157.75;1,790.75;3,881.25;6,974.75;0;103;0;5,727.25;1,299;4,465;191.75;1,450.25
Jul 25, 2023;5:00 AM;6:00 AM;4,112.75;1,780;3,993.25;6,459.75;88.25;103;0;6,196;1,567.5;5,561.5;144.75;1,460
Jul 25, 2023;6:00 AM;7:00 AM;4,114.5;1,863.25;3,536;5,758;1,273.5;103;0;7,271.5;2,023.5;6,447.5;1,451.25;1,466.5
Jul 25, 2023;7:00 AM;8:00 AM;4,151.25;1,757.25;3,100.75;4,841;4,118.75;103;0;6,951;2,302;6,901.25;2,553.5;1,459.25
Jul 25, 2023;8:00 AM;9:00 AM;4,196.75;1,890;3,333.75;4,277.5;8,149.5;103;0;6,933.25;2,311;7,182.5;2,840;1,450.25
Jul 25, 2023;9:00 AM;10:00 AM;4,235.5;1,938.5;3,293.5;4,553.75;12,948.25;103;0;6,907.75;2,127.25;7,338.25;1,871.75;1,449.25
Jul 25, 2023;10:00 AM;11:00 AM;4,274.5;2,036.5;3,059.5;5,291;16,507.25;103;0;6,578.5;1,911.5;6,879.5;1,461.25;1,448
Jul 25, 2023;11:00 AM;12:00 PM;4,322.5;2,086;2,408.25;5,762.75;19,216;103;0;6,210.75;1,884;6,810.5;1,227.25;1,455
Jul 25, 2023;12:00 PM;1:00 PM;4,345.25;2,078.75;2,139.25;6,539.5;20,054.5;103;0;5,845.25;2,067.75;6,619.5;789.5;1,456.25
Jul 25, 2023;1:00 PM;2:00 PM;4,318.5;2,050;2,428;8,184.25;19,705;103;0;5,348.75;2,336;5,904.25;389.5;1,464.75
Jul 25, 2023;2:00 PM;3:00 PM;4,263.75;2,074.75;2,677;9,706;19,390;103;0;5,306;2,449.5;5,780.75;134.25;1,464.5
Jul 25, 2023;3:00 PM;4:00 PM;4,186.75;2,113.25;2,481.75;10,502.5;17,976.25;103;0;5,286.25;2,473;5,787;169.5;1,450.75
Jul 25, 2023;4:00 PM;5:00 PM;4,150.5;2,136;2,600.5;11,368.25;15,090.5;103;0;5,101;2,491.25;5,670.75;267.5;1,451.25
Jul 25, 2023;5:00 PM;6:00 PM;4,128.25;2,176.75;2,777;11,330.5;10,561.5;103;0;5,234.5;2,738.5;6,287.25;466.75;1,461.75
Jul 25, 2023;6:00 PM;7:00 PM;4,155.75;2,195.75;2,914.25;10,914.75;6,616;103;0;5,768.25;3,031;6,754;1,269.25;1,463
Jul 25, 2023;7:00 PM;8:00 PM;4,190.75;2,192.5;3,312.25;9,968;3,363.25;103;0;6,076.25;3,031.75;7,352.75;1,652.75;1,461.75
Jul 25, 2023;8:00 PM;9:00 PM;4,216;2,161;3,609.25;8,233.5;948.5;103;0;6,530.75;2,747;7,602;2,087.25;1,459.25
Jul 25, 2023;9:00 PM;10:00 PM;4,261.75;2,137.75;3,939.25;7,696.5;35;103;0;6,390.75;2,453;7,358.5;2,077.75;1,464
Jul 25, 2023;10:00 PM;11:00 PM;4,275.25;2,080.25;4,197;8,053.75;0;103;0;6,167.25;2,526.75;7,046.75;1,108;1,468.25
Jul 25, 2023;11:00 PM;12:00 AM;4,328.75;2,154.75;3,644.5;9,303.25;0;103;0;5,849;2,412.5;6,125.25;548.5;1,453.75
